0-seed11-C-epochs1-google/electra-base-discriminator-7,"0,5495901648191275"
0-seed17-C-epochs1-google/electra-base-discriminator-7,"0,5652458468206989"
0-seed23-C-epochs1-google/electra-base-discriminator-7,"0,4033100994594216"
0-seed47-C-epochs1-google/electra-base-discriminator-7,"0,49565353658150385"
0-seed62-C-epochs1-google/electra-base-discriminator-7,"0,4790623454075743"
0-mean-C-epochs1-google/electra-base-discriminator-7,"0,4985723986176652"
0-seed11-C-epochs1-google/electra-base-discriminator-5,"0,41983303647363107"
0-seed17-C-epochs1-google/electra-base-discriminator-5,"0,5719989203778677"
0-seed23-C-epochs1-google/electra-base-discriminator-5,"0,577189823538724"
0-seed47-C-epochs1-google/electra-base-discriminator-5,"0,45193643726127025"
0-seed62-C-epochs1-google/electra-base-discriminator-5,"0,5728506259069677"
0-mean-C-epochs1-google/electra-base-discriminator-5,"0,5187617687116921"
0-seed11-C-epochs1-google/electra-base-discriminator-2,"0,8663289742761813"
0-seed17-C-epochs1-google/electra-base-discriminator-2,"0,8444307713343248"
0-seed23-C-epochs1-google/electra-base-discriminator-2,"0,8681069958847736"
0-seed47-C-epochs1-google/electra-base-discriminator-2,"0,8722125708427078"
0-seed62-C-epochs1-google/electra-base-discriminator-2,"0,8325900032144005"
0-mean-C-epochs1-google/electra-base-discriminator-2,"0,8567338631104775"
0-seed11-C-epochs3-google/electra-base-discriminator-7,"0,5911324400307585"
0-seed17-C-epochs3-google/electra-base-discriminator-7,"0,6819985632137663"
0-seed23-C-epochs3-google/electra-base-discriminator-7,"0,5906344188587638"
0-seed47-C-epochs3-google/electra-base-discriminator-7,"0,6081144394027185"
0-seed62-C-epochs3-google/electra-base-discriminator-7,"0,6041026319344849"
0-mean-C-epochs3-google/electra-base-discriminator-7,"0,6151964986880984"
0-seed11-C-epochs3-google/electra-base-discriminator-5,"0,6383275707516968"
0-seed17-C-epochs3-google/electra-base-discriminator-5,"0,7881695874006533"
0-seed23-C-epochs3-google/electra-base-discriminator-5,"0,6562653926972134"
0-seed47-C-epochs3-google/electra-base-discriminator-5,"0,6631825156425347"
0-seed62-C-epochs3-google/electra-base-discriminator-5,"0,6743094338939032"
0-mean-C-epochs3-google/electra-base-discriminator-5,"0,6840509000772003"
0-seed11-C-epochs3-google/electra-base-discriminator-2,"0,8782071441675184"
0-seed17-C-epochs3-google/electra-base-discriminator-2,"0,8387932078353935"
0-seed23-C-epochs3-google/electra-base-discriminator-2,"0,8308323785926969"
0-seed47-C-epochs3-google/electra-base-discriminator-2,"0,8438928437617086"
0-seed62-C-epochs3-google/electra-base-discriminator-2,"0,8674250258531541"
0-mean-C-epochs3-google/electra-base-discriminator-2,"0,8518301200420944"
0-seed11-C-epochs5-google/electra-base-discriminator-7,"0,5962195825365229"
0-seed17-C-epochs5-google/electra-base-discriminator-7,"0,711780269353796"
0-seed23-C-epochs5-google/electra-base-discriminator-7,"0,6035723442099961"
0-seed47-C-epochs5-google/electra-base-discriminator-7,"0,611502631494544"
0-seed62-C-epochs5-google/electra-base-discriminator-7,"0,6090902568468655"
0-mean-C-epochs5-google/electra-base-discriminator-7,"0,6264330168883449"
0-seed11-C-epochs5-google/electra-base-discriminator-5,"0,6745049856428335"
0-seed17-C-epochs5-google/electra-base-discriminator-5,"0,6542520594735785"
0-seed23-C-epochs5-google/electra-base-discriminator-5,"0,6611569200265554"
0-seed47-C-epochs5-google/electra-base-discriminator-5,"0,6629031355731788"
0-seed62-C-epochs5-google/electra-base-discriminator-5,"0,800267672858617"
0-mean-C-epochs5-google/electra-base-discriminator-5,"0,6906169547149527"
0-seed11-C-epochs5-google/electra-base-discriminator-2,"0,8612554112554114"
0-seed17-C-epochs5-google/electra-base-discriminator-2,"0,8577362079898543"
0-seed23-C-epochs5-google/electra-base-discriminator-2,"0,8542645339993915"
0-seed47-C-epochs5-google/electra-base-discriminator-2,"0,8768900737962935"
0-seed62-C-epochs5-google/electra-base-discriminator-2,"0,8623386139114176"
0-mean-C-epochs5-google/electra-base-discriminator-2,"0,8624969681904737"
0-seed11-C++-epochs1-google/electra-base-discriminator-7,"0,45735608408579215"
0-seed17-C++-epochs1-google/electra-base-discriminator-7,"0,4586612014282326"
0-seed23-C++-epochs1-google/electra-base-discriminator-7,"0,4814677361350169"
0-seed47-C++-epochs1-google/electra-base-discriminator-7,"0,4395054280566324"
0-seed62-C++-epochs1-google/electra-base-discriminator-7,"0,4483740291545048"
0-mean-C++-epochs1-google/electra-base-discriminator-7,"0,4570728957720358"
0-seed11-C++-epochs1-google/electra-base-discriminator-5,"0,4815780201308707"
0-seed17-C++-epochs1-google/electra-base-discriminator-5,"0,5162058773236925"
0-seed23-C++-epochs1-google/electra-base-discriminator-5,"0,5580293890005003"
0-seed47-C++-epochs1-google/electra-base-discriminator-5,"0,5247347964811293"
0-seed62-C++-epochs1-google/electra-base-discriminator-5,"0,505827995046076"
0-mean-C++-epochs1-google/electra-base-discriminator-5,"0,5172752155964536"
0-seed11-C++-epochs1-google/electra-base-discriminator-2,"0,9096557227542179"
0-seed17-C++-epochs1-google/electra-base-discriminator-2,"0,9120275295554199"
0-seed23-C++-epochs1-google/electra-base-discriminator-2,"0,900552362385578"
0-seed47-C++-epochs1-google/electra-base-discriminator-2,"0,9048411990428049"
0-seed62-C++-epochs1-google/electra-base-discriminator-2,"0,9041112699649285"
0-mean-C++-epochs1-google/electra-base-discriminator-2,"0,9062376167405898"
0-seed11-C++-epochs3-google/electra-base-discriminator-7,"0,6705294298492467"
0-seed17-C++-epochs3-google/electra-base-discriminator-7,"0,6531436568378133"
0-seed23-C++-epochs3-google/electra-base-discriminator-7,"0,6672559745709343"
0-seed47-C++-epochs3-google/electra-base-discriminator-7,"0,6678714840766975"
0-seed62-C++-epochs3-google/electra-base-discriminator-7,"0,6579259867781501"
0-mean-C++-epochs3-google/electra-base-discriminator-7,"0,6633453064225684"
0-seed11-C++-epochs3-google/electra-base-discriminator-5,"0,6713644784996268"
0-seed17-C++-epochs3-google/electra-base-discriminator-5,"0,7002574113560204"
0-seed23-C++-epochs3-google/electra-base-discriminator-5,"0,6710955766479915"
0-seed47-C++-epochs3-google/electra-base-discriminator-5,"0,5628822218050097"
0-seed62-C++-epochs3-google/electra-base-discriminator-5,"0,7002611641904348"
0-mean-C++-epochs3-google/electra-base-discriminator-5,"0,6611721704998166"
0-seed11-C++-epochs3-google/electra-base-discriminator-2,"0,9078657662178131"
0-seed17-C++-epochs3-google/electra-base-discriminator-2,"0,9115288323414734"
0-seed23-C++-epochs3-google/electra-base-discriminator-2,"0,9066151680796046"
0-seed47-C++-epochs3-google/electra-base-discriminator-2,"0,9140766964915435"
0-seed62-C++-epochs3-google/electra-base-discriminator-2,"0,9320585495602187"
0-mean-C++-epochs3-google/electra-base-discriminator-2,"0,9144290025381308"
0-seed11-C++-epochs5-google/electra-base-discriminator-7,"0,6885775272579624"
0-seed17-C++-epochs5-google/electra-base-discriminator-7,"0,7756515697355784"
0-seed23-C++-epochs5-google/electra-base-discriminator-7,"0,8007190162850104"
0-seed47-C++-epochs5-google/electra-base-discriminator-7,"0,6527230623506587"
0-seed62-C++-epochs5-google/electra-base-discriminator-7,"0,6836334120643621"
0-mean-C++-epochs5-google/electra-base-discriminator-7,"0,7202609175387145"
0-seed11-C++-epochs5-google/electra-base-discriminator-5,"0,15685522531160115"
0-seed17-C++-epochs5-google/electra-base-discriminator-5,"0,6829279677891517"
0-seed23-C++-epochs5-google/electra-base-discriminator-5,"0,660396452173336"
0-seed47-C++-epochs5-google/electra-base-discriminator-5,"0,716440904358552"
0-seed62-C++-epochs5-google/electra-base-discriminator-5,"0,7042127686831744"
0-mean-C++-epochs5-google/electra-base-discriminator-5,"0,584166663663163"
0-seed11-C++-epochs5-google/electra-base-discriminator-2,"0,9144533756302544"
0-seed17-C++-epochs5-google/electra-base-discriminator-2,"0,912225323409534"
0-seed23-C++-epochs5-google/electra-base-discriminator-2,"0,9134909650883998"
0-seed47-C++-epochs5-google/electra-base-discriminator-2,"0,9279439607259381"
0-seed62-C++-epochs5-google/electra-base-discriminator-2,"0,9249284724918558"
0-mean-C++-epochs5-google/electra-base-discriminator-2,"0,9186084194691965"
0-seed11-C#-epochs1-google/electra-base-discriminator-8,"0,3166597964011757"
0-seed17-C#-epochs1-google/electra-base-discriminator-8,"0,37300611268219175"
0-seed23-C#-epochs1-google/electra-base-discriminator-8,"0,35318565918239714"
0-seed47-C#-epochs1-google/electra-base-discriminator-8,"0,3246572444020609"
0-seed62-C#-epochs1-google/electra-base-discriminator-8,"0,3329824418898457"
0-mean-C#-epochs1-google/electra-base-discriminator-8,"0,34009825091153423"
0-seed11-C#-epochs1-google/electra-base-discriminator-6,"0,43386176722371794"
0-seed17-C#-epochs1-google/electra-base-discriminator-6,"0,3860104489682941"
0-seed23-C#-epochs1-google/electra-base-discriminator-6,"0,39585527740867543"
0-seed47-C#-epochs1-google/electra-base-discriminator-6,"0,3766328995450505"
0-seed62-C#-epochs1-google/electra-base-discriminator-6,"0,4132555070227037"
0-mean-C#-epochs1-google/electra-base-discriminator-6,"0,40112318003368835"
0-seed11-C#-epochs1-google/electra-base-discriminator-2,"0,8648946426112106"
0-seed17-C#-epochs1-google/electra-base-discriminator-2,"0,8433983046788947"
0-seed23-C#-epochs1-google/electra-base-discriminator-2,"0,7668726235741445"
0-seed47-C#-epochs1-google/electra-base-discriminator-2,"0,8282481019911188"
0-seed62-C#-epochs1-google/electra-base-discriminator-2,"0,8536508312601192"
0-mean-C#-epochs1-google/electra-base-discriminator-2,"0,8314129008230976"
0-seed11-C#-epochs3-google/electra-base-discriminator-8,"0,5382437200609811"
0-seed17-C#-epochs3-google/electra-base-discriminator-8,"0,5466140971475347"
0-seed23-C#-epochs3-google/electra-base-discriminator-8,"0,5334639298869068"
0-seed47-C#-epochs3-google/electra-base-discriminator-8,"0,5524569016235807"
0-seed62-C#-epochs3-google/electra-base-discriminator-8,"0,5386536606866976"
0-mean-C#-epochs3-google/electra-base-discriminator-8,"0,5418864618811401"
0-seed11-C#-epochs3-google/electra-base-discriminator-6,"0,5967127045241702"
0-seed17-C#-epochs3-google/electra-base-discriminator-6,"0,5804394018679733"
0-seed23-C#-epochs3-google/electra-base-discriminator-6,"0,5838817111437096"
0-seed47-C#-epochs3-google/electra-base-discriminator-6,"0,542067419718631"
0-seed62-C#-epochs3-google/electra-base-discriminator-6,"0,5947235720702263"
0-mean-C#-epochs3-google/electra-base-discriminator-6,"0,5795649618649421"
0-seed11-C#-epochs3-google/electra-base-discriminator-2,"0,8257672634271099"
0-seed17-C#-epochs3-google/electra-base-discriminator-2,"0,8729598479056023"
0-seed23-C#-epochs3-google/electra-base-discriminator-2,"0,8643671295604998"
0-seed47-C#-epochs3-google/electra-base-discriminator-2,"0,8356396764313202"
0-seed62-C#-epochs3-google/electra-base-discriminator-2,"0,8820836006390178"
0-mean-C#-epochs3-google/electra-base-discriminator-2,"0,85616350359271"
0-seed11-C#-epochs5-google/electra-base-discriminator-8,"0,5412419072439444"
0-seed17-C#-epochs5-google/electra-base-discriminator-8,"0,5701184240262306"
0-seed23-C#-epochs5-google/electra-base-discriminator-8,"0,5424055630139517"
0-seed47-C#-epochs5-google/electra-base-discriminator-8,"0,5348135520190742"
0-seed62-C#-epochs5-google/electra-base-discriminator-8,"0,5444883118468347"
0-mean-C#-epochs5-google/electra-base-discriminator-8,"0,546613551630007"
0-seed11-C#-epochs5-google/electra-base-discriminator-6,"0,5431711537800371"
0-seed17-C#-epochs5-google/electra-base-discriminator-6,"0,5872555563673881"
0-seed23-C#-epochs5-google/electra-base-discriminator-6,"0,5874184073619281"
0-seed47-C#-epochs5-google/electra-base-discriminator-6,"0,6024208595637167"
0-seed62-C#-epochs5-google/electra-base-discriminator-6,"0,550656362676823"
0-mean-C#-epochs5-google/electra-base-discriminator-6,"0,5741844679499787"
0-seed11-C#-epochs5-google/electra-base-discriminator-2,"0,8268038066599463"
0-seed17-C#-epochs5-google/electra-base-discriminator-2,"0,8293523207217566"
0-seed23-C#-epochs5-google/electra-base-discriminator-2,"0,8580650652141535"
0-seed47-C#-epochs5-google/electra-base-discriminator-2,"0,8377498333152433"
0-seed62-C#-epochs5-google/electra-base-discriminator-2,"0,8589418147429198"
0-mean-C#-epochs5-google/electra-base-discriminator-2,"0,8421825681308039"
0-seed11-Java-epochs1-google/electra-base-discriminator-7,"0,5014207116538371"
0-seed17-Java-epochs1-google/electra-base-discriminator-7,"0,4978615098709116"
0-seed23-Java-epochs1-google/electra-base-discriminator-7,"0,5472682210915755"
0-seed47-Java-epochs1-google/electra-base-discriminator-7,"0,5665667015956465"
0-seed62-Java-epochs1-google/electra-base-discriminator-7,"0,5057358569902469"
0-mean-Java-epochs1-google/electra-base-discriminator-7,"0,5237706002404435"
0-seed11-Java-epochs1-google/electra-base-discriminator-5,"0,5645391718637656"
0-seed17-Java-epochs1-google/electra-base-discriminator-5,"0,5467360064392418"
0-seed23-Java-epochs1-google/electra-base-discriminator-5,"0,5215716991928181"
0-seed47-Java-epochs1-google/electra-base-discriminator-5,"0,44934310824141327"
0-seed62-Java-epochs1-google/electra-base-discriminator-5,"0,6047459227605192"
0-mean-Java-epochs1-google/electra-base-discriminator-5,"0,5373871816995516"
0-seed11-Java-epochs1-google/electra-base-discriminator-2,"0,8950523103748911"
0-seed17-Java-epochs1-google/electra-base-discriminator-2,"0,9033407497867072"
0-seed23-Java-epochs1-google/electra-base-discriminator-2,"0,9134372868450691"
0-seed47-Java-epochs1-google/electra-base-discriminator-2,"0,9023445690112355"
0-seed62-Java-epochs1-google/electra-base-discriminator-2,"0,945027400672562"
0-mean-Java-epochs1-google/electra-base-discriminator-2,"0,911840463338093"
0-seed11-Java-epochs3-google/electra-base-discriminator-7,"0,765078627749083"
0-seed17-Java-epochs3-google/electra-base-discriminator-7,"0,636459675868793"
0-seed23-Java-epochs3-google/electra-base-discriminator-7,"0,6660301891876846"
0-seed47-Java-epochs3-google/electra-base-discriminator-7,"0,6473366446271839"
0-seed62-Java-epochs3-google/electra-base-discriminator-7,"0,6844498402334143"
0-mean-Java-epochs3-google/electra-base-discriminator-7,"0,6798709955332318"
0-seed11-Java-epochs3-google/electra-base-discriminator-5,"0,8165367496103718"
0-seed17-Java-epochs3-google/electra-base-discriminator-5,"0,600821207029"
0-seed23-Java-epochs3-google/electra-base-discriminator-5,"0,7652368424221482"
0-seed47-Java-epochs3-google/electra-base-discriminator-5,"0,8003543180771967"
0-seed62-Java-epochs3-google/electra-base-discriminator-5,"0,6878022597682792"
0-mean-Java-epochs3-google/electra-base-discriminator-5,"0,7341502753813992"
0-seed11-Java-epochs3-google/electra-base-discriminator-2,"0,9335462327913725"
0-seed17-Java-epochs3-google/electra-base-discriminator-2,"0,9347057161691308"
0-seed23-Java-epochs3-google/electra-base-discriminator-2,"0,9358157991878922"
0-seed47-Java-epochs3-google/electra-base-discriminator-2,"0,9400298916427948"
0-seed62-Java-epochs3-google/electra-base-discriminator-2,"0,9343257343552867"
0-mean-Java-epochs3-google/electra-base-discriminator-2,"0,9356846748292954"
0-seed11-Java-epochs5-google/electra-base-discriminator-7,"0,6757127871440158"
0-seed17-Java-epochs5-google/electra-base-discriminator-7,"0,750534348884549"
0-seed23-Java-epochs5-google/electra-base-discriminator-7,"0,7537063732546122"
0-seed47-Java-epochs5-google/electra-base-discriminator-7,"0,7596491152625476"
0-seed62-Java-epochs5-google/electra-base-discriminator-7,"0,6433987669523791"
0-mean-Java-epochs5-google/electra-base-discriminator-7,"0,7166002782996207"
0-seed11-Java-epochs5-google/electra-base-discriminator-5,"0,6493279569075919"
0-seed17-Java-epochs5-google/electra-base-discriminator-5,"0,7872175288271872"
0-seed23-Java-epochs5-google/electra-base-discriminator-5,"0,6683289047988091"
0-seed47-Java-epochs5-google/electra-base-discriminator-5,"0,7359708811215032"
0-seed62-Java-epochs5-google/electra-base-discriminator-5,"0,6347597312431084"
0-mean-Java-epochs5-google/electra-base-discriminator-5,"0,69512100057964"
0-seed11-Java-epochs5-google/electra-base-discriminator-2,"0,9219357976653697"
0-seed17-Java-epochs5-google/electra-base-discriminator-2,"0,9417924656602747"
0-seed23-Java-epochs5-google/electra-base-discriminator-2,"0,9223899542136996"
0-seed47-Java-epochs5-google/electra-base-discriminator-2,"0,9346303867662954"
0-seed62-Java-epochs5-google/electra-base-discriminator-2,"0,9411054200749178"
0-mean-Java-epochs5-google/electra-base-discriminator-2,"0,9323708048761115"
0-seed11-JavaScript-epochs1-google/electra-base-discriminator-7,"0,36160698267628966"
0-seed17-JavaScript-epochs1-google/electra-base-discriminator-7,"0,432237129798597"
0-seed23-JavaScript-epochs1-google/electra-base-discriminator-7,"0,4133277492713342"
0-seed47-JavaScript-epochs1-google/electra-base-discriminator-7,"0,4239266627109695"
0-seed62-JavaScript-epochs1-google/electra-base-discriminator-7,"0,3776638860672474"
0-mean-JavaScript-epochs1-google/electra-base-discriminator-7,"0,4017524821048875"
0-seed11-JavaScript-epochs1-google/electra-base-discriminator-5,"0,3459310434740584"
0-seed17-JavaScript-epochs1-google/electra-base-discriminator-5,"0,49832005092965426"
0-seed23-JavaScript-epochs1-google/electra-base-discriminator-5,"0,43593205421580716"
0-seed47-JavaScript-epochs1-google/electra-base-discriminator-5,"0,6183838383838385"
0-seed62-JavaScript-epochs1-google/electra-base-discriminator-5,"0,5776948051948053"
0-mean-JavaScript-epochs1-google/electra-base-discriminator-5,"0,4952523584396327"
0-seed11-JavaScript-epochs1-google/electra-base-discriminator-2,"0,8207901802838511"
0-seed17-JavaScript-epochs1-google/electra-base-discriminator-2,"0,7956086059534335"
0-seed23-JavaScript-epochs1-google/electra-base-discriminator-2,"0,7983889528193326"
0-seed47-JavaScript-epochs1-google/electra-base-discriminator-2,"0,8164676304211188"
0-seed62-JavaScript-epochs1-google/electra-base-discriminator-2,"0,8189504537511978"
0-mean-JavaScript-epochs1-google/electra-base-discriminator-2,"0,8100411646457868"
0-seed11-JavaScript-epochs3-google/electra-base-discriminator-7,"0,49906988205860386"
0-seed17-JavaScript-epochs3-google/electra-base-discriminator-7,"0,5120138111480386"
0-seed23-JavaScript-epochs3-google/electra-base-discriminator-7,"0,581723645712313"
0-seed47-JavaScript-epochs3-google/electra-base-discriminator-7,"0,4869656513995087"
0-seed62-JavaScript-epochs3-google/electra-base-discriminator-7,"0,48945901301933425"
0-mean-JavaScript-epochs3-google/electra-base-discriminator-7,"0,5138464006675597"
0-seed11-JavaScript-epochs3-google/electra-base-discriminator-5,"0,5790214900189325"
0-seed17-JavaScript-epochs3-google/electra-base-discriminator-5,"0,5721529245947851"
0-seed23-JavaScript-epochs3-google/electra-base-discriminator-5,"0,5894434482300591"
0-seed47-JavaScript-epochs3-google/electra-base-discriminator-5,"0,6655334730105897"
0-seed62-JavaScript-epochs3-google/electra-base-discriminator-5,"0,5684365723267325"
0-mean-JavaScript-epochs3-google/electra-base-discriminator-5,"0,5949175816362198"
0-seed11-JavaScript-epochs3-google/electra-base-discriminator-2,"0,8226454280060347"
0-seed17-JavaScript-epochs3-google/electra-base-discriminator-2,"0,8207901802838511"
0-seed23-JavaScript-epochs3-google/electra-base-discriminator-2,"0,8543920214806291"
0-seed47-JavaScript-epochs3-google/electra-base-discriminator-2,"0,840958605664488"
0-seed62-JavaScript-epochs3-google/electra-base-discriminator-2,"0,8616878503197284"
0-mean-JavaScript-epochs3-google/electra-base-discriminator-2,"0,8400948171509462"
0-seed11-JavaScript-epochs5-google/electra-base-discriminator-7,"0,51065045753248"
0-seed17-JavaScript-epochs5-google/electra-base-discriminator-7,"0,5270987144621149"
0-seed23-JavaScript-epochs5-google/electra-base-discriminator-7,"0,50072242900993"
0-seed47-JavaScript-epochs5-google/electra-base-discriminator-7,"0,4836306535721805"
0-seed62-JavaScript-epochs5-google/electra-base-discriminator-7,"0,5367198161315808"
0-mean-JavaScript-epochs5-google/electra-base-discriminator-7,"0,5117644141416572"
0-seed11-JavaScript-epochs5-google/electra-base-discriminator-5,"0,6251229220935464"
0-seed17-JavaScript-epochs5-google/electra-base-discriminator-5,"0,5620563523105896"
0-seed23-JavaScript-epochs5-google/electra-base-discriminator-5,"0,5850223714354842"
0-seed47-JavaScript-epochs5-google/electra-base-discriminator-5,"0,6962826610430596"
0-seed62-JavaScript-epochs5-google/electra-base-discriminator-5,"0,5762590477458874"
0-mean-JavaScript-epochs5-google/electra-base-discriminator-5,"0,6089486709257134"
0-seed11-JavaScript-epochs5-google/electra-base-discriminator-2,"0,8501618378463724"
0-seed17-JavaScript-epochs5-google/electra-base-discriminator-2,"0,8628412528418166"
0-seed23-JavaScript-epochs5-google/electra-base-discriminator-2,"0,8479166666666667"
0-seed47-JavaScript-epochs5-google/electra-base-discriminator-2,"0,8431914077483698"
0-seed62-JavaScript-epochs5-google/electra-base-discriminator-2,"0,8684143498109289"
0-mean-JavaScript-epochs5-google/electra-base-discriminator-2,"0,8545051029828308"
0-seed11-TypeScript-epochs1-google/electra-base-discriminator-8,"0,3949420024420025"
0-seed17-TypeScript-epochs1-google/electra-base-discriminator-8,"0,3776771863601084"
0-seed23-TypeScript-epochs1-google/electra-base-discriminator-8,"0,3759121871281264"
0-seed47-TypeScript-epochs1-google/electra-base-discriminator-8,"0,4176226551226551"
0-seed62-TypeScript-epochs1-google/electra-base-discriminator-8,"0,35864319705045944"
0-mean-TypeScript-epochs1-google/electra-base-discriminator-8,"0,3849594456206704"
0-seed11-TypeScript-epochs1-google/electra-base-discriminator-6,"0,3725297060662915"
0-seed17-TypeScript-epochs1-google/electra-base-discriminator-6,"0,3957786322866661"
0-seed23-TypeScript-epochs1-google/electra-base-discriminator-6,"0,4680030264476829"
0-seed47-TypeScript-epochs1-google/electra-base-discriminator-6,"0,39546508730569446"
0-seed62-TypeScript-epochs1-google/electra-base-discriminator-6,"0,4482794527254171"
0-mean-TypeScript-epochs1-google/electra-base-discriminator-6,"0,41601118096635037"
0-seed11-TypeScript-epochs1-google/electra-base-discriminator-2,"0,8516434262948207"
0-seed17-TypeScript-epochs1-google/electra-base-discriminator-2,"0,839959831889017"
0-seed23-TypeScript-epochs1-google/electra-base-discriminator-2,"0,8455319417292048"
0-seed47-TypeScript-epochs1-google/electra-base-discriminator-2,"0,8172374385248532"
0-seed62-TypeScript-epochs1-google/electra-base-discriminator-2,"0,8241209937662808"
0-mean-TypeScript-epochs1-google/electra-base-discriminator-2,"0,8356987264408353"
0-seed11-TypeScript-epochs3-google/electra-base-discriminator-8,"0,617568632770873"
0-seed17-TypeScript-epochs3-google/electra-base-discriminator-8,"0,6119356821567424"
0-seed23-TypeScript-epochs3-google/electra-base-discriminator-8,"0,6219809740497712"
0-seed47-TypeScript-epochs3-google/electra-base-discriminator-8,"0,6257080894517065"
0-seed62-TypeScript-epochs3-google/electra-base-discriminator-8,"0,6067621670869392"
0-mean-TypeScript-epochs3-google/electra-base-discriminator-8,"0,6167911091032064"
0-seed11-TypeScript-epochs3-google/electra-base-discriminator-6,"0,6000699452725609"
0-seed17-TypeScript-epochs3-google/electra-base-discriminator-6,"0,6266686756853515"
0-seed23-TypeScript-epochs3-google/electra-base-discriminator-6,"0,605879293840023"
0-seed47-TypeScript-epochs3-google/electra-base-discriminator-6,"0,6317760570216365"
0-seed62-TypeScript-epochs3-google/electra-base-discriminator-6,"0,6212159011517716"
0-mean-TypeScript-epochs3-google/electra-base-discriminator-6,"0,6171219745942687"
0-seed11-TypeScript-epochs3-google/electra-base-discriminator-2,"0,8264374123529052"
0-seed17-TypeScript-epochs3-google/electra-base-discriminator-2,"0,8351593625498008"
0-seed23-TypeScript-epochs3-google/electra-base-discriminator-2,"0,8307597913897126"
0-seed47-TypeScript-epochs3-google/electra-base-discriminator-2,"0,8120246913580247"
0-seed62-TypeScript-epochs3-google/electra-base-discriminator-2,"0,8337351818364476"
0-mean-TypeScript-epochs3-google/electra-base-discriminator-2,"0,8276232878973783"
0-seed11-TypeScript-epochs5-google/electra-base-discriminator-8,"0,5986808948521809"
0-seed17-TypeScript-epochs5-google/electra-base-discriminator-8,"0,6157229672657636"
0-seed23-TypeScript-epochs5-google/electra-base-discriminator-8,"0,6074008885992612"
0-seed47-TypeScript-epochs5-google/electra-base-discriminator-8,"0,6174298327295611"
0-seed62-TypeScript-epochs5-google/electra-base-discriminator-8,"0,561059032467778"
0-mean-TypeScript-epochs5-google/electra-base-discriminator-8,"0,600058723182909"
0-seed11-TypeScript-epochs5-google/electra-base-discriminator-6,"0,6298196535604585"
0-seed17-TypeScript-epochs5-google/electra-base-discriminator-6,"0,637640966513927"
0-seed23-TypeScript-epochs5-google/electra-base-discriminator-6,"0,6700357014082504"
0-seed47-TypeScript-epochs5-google/electra-base-discriminator-6,"0,6380555555555555"
0-seed62-TypeScript-epochs5-google/electra-base-discriminator-6,"0,6720692389288443"
0-mean-TypeScript-epochs5-google/electra-base-discriminator-6,"0,6495242231934071"
0-seed11-TypeScript-epochs5-google/electra-base-discriminator-2,"0,8186752988047807"
0-seed17-TypeScript-epochs5-google/electra-base-discriminator-2,"0,8441560094165553"
0-seed23-TypeScript-epochs5-google/electra-base-discriminator-2,"0,8204830674150217"
0-seed47-TypeScript-epochs5-google/electra-base-discriminator-2,"0,8481670199972724"
0-seed62-TypeScript-epochs5-google/electra-base-discriminator-2,"0,8331509645056986"
0-mean-TypeScript-epochs5-google/electra-base-discriminator-2,"0,8329264720278658"
0-seed11-PHP-epochs1-google/electra-base-discriminator-8,"0,2901162989179539"
0-seed17-PHP-epochs1-google/electra-base-discriminator-8,"0,3291292121756768"
0-seed23-PHP-epochs1-google/electra-base-discriminator-8,"0,2901063284922113"
0-seed47-PHP-epochs1-google/electra-base-discriminator-8,"0,2898290333305985"
0-seed62-PHP-epochs1-google/electra-base-discriminator-8,"0,2712788767567099"
0-mean-PHP-epochs1-google/electra-base-discriminator-8,"0,2940919499346301"
0-seed11-PHP-epochs1-google/electra-base-discriminator-6,"0,2616146099064996"
0-seed17-PHP-epochs1-google/electra-base-discriminator-6,"0,2911917342299724"
0-seed23-PHP-epochs1-google/electra-base-discriminator-6,"0,26762789501588297"
0-seed47-PHP-epochs1-google/electra-base-discriminator-6,"0,3753255458942815"
0-seed62-PHP-epochs1-google/electra-base-discriminator-6,"0,4545128736400965"
0-mean-PHP-epochs1-google/electra-base-discriminator-6,"0,33005453173734656"
0-seed11-PHP-epochs1-google/electra-base-discriminator-2,"0,8279257617773919"
0-seed17-PHP-epochs1-google/electra-base-discriminator-2,"0,8029976222826087"
0-seed23-PHP-epochs1-google/electra-base-discriminator-2,"0,8210233354742025"
0-seed47-PHP-epochs1-google/electra-base-discriminator-2,"0,822687465790914"
0-seed62-PHP-epochs1-google/electra-base-discriminator-2,"0,8293877551020408"
0-mean-PHP-epochs1-google/electra-base-discriminator-2,"0,8208043880854315"
0-seed11-PHP-epochs3-google/electra-base-discriminator-8,"0,5366707404123319"
0-seed17-PHP-epochs3-google/electra-base-discriminator-8,"0,5216873129446958"
0-seed23-PHP-epochs3-google/electra-base-discriminator-8,"0,5173961035688375"
0-seed47-PHP-epochs3-google/electra-base-discriminator-8,"0,516040226902603"
0-seed62-PHP-epochs3-google/electra-base-discriminator-8,"0,5640452583543955"
0-mean-PHP-epochs3-google/electra-base-discriminator-8,"0,5311679284365727"
0-seed11-PHP-epochs3-google/electra-base-discriminator-6,"0,5601628674514835"
0-seed17-PHP-epochs3-google/electra-base-discriminator-6,"0,5741847168141242"
0-seed23-PHP-epochs3-google/electra-base-discriminator-6,"0,55153236660794"
0-seed47-PHP-epochs3-google/electra-base-discriminator-6,"0,5603162486556719"
0-seed62-PHP-epochs3-google/electra-base-discriminator-6,"0,5564362798081367"
0-mean-PHP-epochs3-google/electra-base-discriminator-6,"0,5605264958674713"
0-seed11-PHP-epochs3-google/electra-base-discriminator-2,"0,8698391764662783"
0-seed17-PHP-epochs3-google/electra-base-discriminator-2,"0,8402613412228797"
0-seed23-PHP-epochs3-google/electra-base-discriminator-2,"0,8507311818724657"
0-seed47-PHP-epochs3-google/electra-base-discriminator-2,"0,8690181171738356"
0-seed62-PHP-epochs3-google/electra-base-discriminator-2,"0,8411886028569246"
0-mean-PHP-epochs3-google/electra-base-discriminator-2,"0,8542076839184768"
0-seed11-PHP-epochs5-google/electra-base-discriminator-8,"0,5979400123888268"
0-seed17-PHP-epochs5-google/electra-base-discriminator-8,"0,5363248403885941"
0-seed23-PHP-epochs5-google/electra-base-discriminator-8,"0,5340632804941288"
0-seed47-PHP-epochs5-google/electra-base-discriminator-8,"0,5444268113428088"
0-seed62-PHP-epochs5-google/electra-base-discriminator-8,"0,5541978686607084"
0-mean-PHP-epochs5-google/electra-base-discriminator-8,"0,5533905626550134"
0-seed11-PHP-epochs5-google/electra-base-discriminator-6,"0,5220379752830929"
0-seed17-PHP-epochs5-google/electra-base-discriminator-6,"0,5814028196830452"
0-seed23-PHP-epochs5-google/electra-base-discriminator-6,"0,5496377975492424"
0-seed47-PHP-epochs5-google/electra-base-discriminator-6,"0,5374772892325551"
0-seed62-PHP-epochs5-google/electra-base-discriminator-6,"0,5753858725229594"
0-mean-PHP-epochs5-google/electra-base-discriminator-6,"0,5531883508541791"
0-seed11-PHP-epochs5-google/electra-base-discriminator-2,"0,8556252414832044"
0-seed17-PHP-epochs5-google/electra-base-discriminator-2,"0,8469527559055117"
0-seed23-PHP-epochs5-google/electra-base-discriminator-2,"0,8584804333613524"
0-seed47-PHP-epochs5-google/electra-base-discriminator-2,"0,842150692321525"
0-seed62-PHP-epochs5-google/electra-base-discriminator-2,"0,8411886028569246"
0-mean-PHP-epochs5-google/electra-base-discriminator-2,"0,8488795451857036"
0-seed11-Python-epochs1-google/electra-base-discriminator-8,"0,28803858042673136"
0-seed17-Python-epochs1-google/electra-base-discriminator-8,"0,33355234926087163"
0-seed23-Python-epochs1-google/electra-base-discriminator-8,"0,36854844743466203"
0-seed47-Python-epochs1-google/electra-base-discriminator-8,"0,35369725089224924"
0-seed62-Python-epochs1-google/electra-base-discriminator-8,"0,33934673112287295"
0-mean-Python-epochs1-google/electra-base-discriminator-8,"0,3366366718274774"
0-seed11-Python-epochs1-google/electra-base-discriminator-6,"0,3028871447120823"
0-seed17-Python-epochs1-google/electra-base-discriminator-6,"0,4124838255520606"
0-seed23-Python-epochs1-google/electra-base-discriminator-6,"0,47614990380064093"
0-seed47-Python-epochs1-google/electra-base-discriminator-6,"0,403846895151243"
0-seed62-Python-epochs1-google/electra-base-discriminator-6,"0,37714863918539976"
0-mean-Python-epochs1-google/electra-base-discriminator-6,"0,3945032816802853"
0-seed11-Python-epochs1-google/electra-base-discriminator-2,"0,7868601986249045"
0-seed17-Python-epochs1-google/electra-base-discriminator-2,"0,8368663594470046"
0-seed23-Python-epochs1-google/electra-base-discriminator-2,"0,8065265528398793"
0-seed47-Python-epochs1-google/electra-base-discriminator-2,"0,8266327784448484"
0-seed62-Python-epochs1-google/electra-base-discriminator-2,"0,834068696385881"
0-mean-Python-epochs1-google/electra-base-discriminator-2,"0,8181909171485036"
0-seed11-Python-epochs3-google/electra-base-discriminator-8,"0,5621585244534384"
0-seed17-Python-epochs3-google/electra-base-discriminator-8,"0,5214020381384301"
0-seed23-Python-epochs3-google/electra-base-discriminator-8,"0,5395324341166783"
0-seed47-Python-epochs3-google/electra-base-discriminator-8,"0,567497166710448"
0-seed62-Python-epochs3-google/electra-base-discriminator-8,"0,57411714513848"
0-mean-Python-epochs3-google/electra-base-discriminator-8,"0,552941461711495"
0-seed11-Python-epochs3-google/electra-base-discriminator-6,"0,5913367016509092"
0-seed17-Python-epochs3-google/electra-base-discriminator-6,"0,6757201945109687"
0-seed23-Python-epochs3-google/electra-base-discriminator-6,"0,6436988584291827"
0-seed47-Python-epochs3-google/electra-base-discriminator-6,"0,6391211357791424"
0-seed62-Python-epochs3-google/electra-base-discriminator-6,"0,5426768573041865"
0-mean-Python-epochs3-google/electra-base-discriminator-6,"0,6185107495348778"
0-seed11-Python-epochs3-google/electra-base-discriminator-2,"0,738511643054877"
0-seed17-Python-epochs3-google/electra-base-discriminator-2,"0,8313364055299538"
0-seed23-Python-epochs3-google/electra-base-discriminator-2,"0,8105264529693615"
0-seed47-Python-epochs3-google/electra-base-discriminator-2,"0,8096963361916235"
0-seed62-Python-epochs3-google/electra-base-discriminator-2,"0,8210555250137438"
0-mean-Python-epochs3-google/electra-base-discriminator-2,"0,8022252725519119"
0-seed11-Python-epochs5-google/electra-base-discriminator-8,"0,5634922546968584"
0-seed17-Python-epochs5-google/electra-base-discriminator-8,"0,555746582945839"
0-seed23-Python-epochs5-google/electra-base-discriminator-8,"0,521768350624975"
0-seed47-Python-epochs5-google/electra-base-discriminator-8,"0,538138641069821"
0-seed62-Python-epochs5-google/electra-base-discriminator-8,"0,590266741777356"
0-mean-Python-epochs5-google/electra-base-discriminator-8,"0,5538825142229699"
0-seed11-Python-epochs5-google/electra-base-discriminator-6,"0,5839253438462088"
0-seed17-Python-epochs5-google/electra-base-discriminator-6,"0,6298465015472162"
0-seed23-Python-epochs5-google/electra-base-discriminator-6,"0,6391210033254567"
0-seed47-Python-epochs5-google/electra-base-discriminator-6,"0,6767242517428942"
0-seed62-Python-epochs5-google/electra-base-discriminator-6,"0,6272404219252451"
0-mean-Python-epochs5-google/electra-base-discriminator-6,"0,6313715044774042"
0-seed11-Python-epochs5-google/electra-base-discriminator-2,"0,8010765965818477"
0-seed17-Python-epochs5-google/electra-base-discriminator-2,"0,8245095312466572"
0-seed23-Python-epochs5-google/electra-base-discriminator-2,"0,8154635101704233"
0-seed47-Python-epochs5-google/electra-base-discriminator-2,"0,8131500658323347"
0-seed62-Python-epochs5-google/electra-base-discriminator-2,"0,8054598509351709"
0-mean-Python-epochs5-google/electra-base-discriminator-2,"0,8119319109532868"
0-seed11-SQL-epochs1-google/electra-base-discriminator-8,"0,21111598881952523"
0-seed17-SQL-epochs1-google/electra-base-discriminator-8,"0,2076710585012472"
0-seed23-SQL-epochs1-google/electra-base-discriminator-8,"0,19922026901503884"
0-seed47-SQL-epochs1-google/electra-base-discriminator-8,"0,17555655107294277"
0-seed62-SQL-epochs1-google/electra-base-discriminator-8,"0,1922011742550127"
0-mean-SQL-epochs1-google/electra-base-discriminator-8,"0,19715300833275334"
0-seed11-SQL-epochs1-google/electra-base-discriminator-6,"0,22014174476643392"
0-seed17-SQL-epochs1-google/electra-base-discriminator-6,"0,2826881364702813"
0-seed23-SQL-epochs1-google/electra-base-discriminator-6,"0,27364954212766024"
0-seed47-SQL-epochs1-google/electra-base-discriminator-6,"0,35765682722364317"
0-seed62-SQL-epochs1-google/electra-base-discriminator-6,"0,2552807096285358"
0-mean-SQL-epochs1-google/electra-base-discriminator-6,"0,2778833920433109"
0-seed11-SQL-epochs1-google/electra-base-discriminator-2,"0,7036110076364313"
0-seed17-SQL-epochs1-google/electra-base-discriminator-2,"0,7698829697800982"
0-seed23-SQL-epochs1-google/electra-base-discriminator-2,"0,7361276434088895"
0-seed47-SQL-epochs1-google/electra-base-discriminator-2,"0,7183689636960665"
0-seed62-SQL-epochs1-google/electra-base-discriminator-2,"0,7021582733812948"
0-mean-SQL-epochs1-google/electra-base-discriminator-2,"0,726029771580556"
0-seed11-SQL-epochs3-google/electra-base-discriminator-8,"0,31790665331892143"
0-seed17-SQL-epochs3-google/electra-base-discriminator-8,"0,3077047850739667"
0-seed23-SQL-epochs3-google/electra-base-discriminator-8,"0,30304672893737183"
0-seed47-SQL-epochs3-google/electra-base-discriminator-8,"0,31352286052093215"
0-seed62-SQL-epochs3-google/electra-base-discriminator-8,"0,30464355245279495"
0-mean-SQL-epochs3-google/electra-base-discriminator-8,"0,3093649160607974"
0-seed11-SQL-epochs3-google/electra-base-discriminator-6,"0,4170771756978653"
0-seed17-SQL-epochs3-google/electra-base-discriminator-6,"0,38637599743685275"
0-seed23-SQL-epochs3-google/electra-base-discriminator-6,"0,35529456786922237"
0-seed47-SQL-epochs3-google/electra-base-discriminator-6,"0,399538288554326"
0-seed62-SQL-epochs3-google/electra-base-discriminator-6,"0,3763642389996127"
0-mean-SQL-epochs3-google/electra-base-discriminator-6,"0,3869300537115758"
0-seed11-SQL-epochs3-google/electra-base-discriminator-2,"0,7451140248290753"
0-seed17-SQL-epochs3-google/electra-base-discriminator-2,"0,8205750234414182"
0-seed23-SQL-epochs3-google/electra-base-discriminator-2,"0,8014146341463415"
0-seed47-SQL-epochs3-google/electra-base-discriminator-2,"0,7143222244939685"
0-seed62-SQL-epochs3-google/electra-base-discriminator-2,"0,8174603174603174"
0-mean-SQL-epochs3-google/electra-base-discriminator-2,"0,7797772448742242"
0-seed11-SQL-epochs5-google/electra-base-discriminator-8,"0,28484430041465925"
0-seed17-SQL-epochs5-google/electra-base-discriminator-8,"0,27843217890117933"
0-seed23-SQL-epochs5-google/electra-base-discriminator-8,"0,2938473103501679"
0-seed47-SQL-epochs5-google/electra-base-discriminator-8,"0,32958709023627475"
0-seed62-SQL-epochs5-google/electra-base-discriminator-8,"0,29797687227848546"
0-mean-SQL-epochs5-google/electra-base-discriminator-8,"0,29693755043615333"
0-seed11-SQL-epochs5-google/electra-base-discriminator-6,"0,38424118319865147"
0-seed17-SQL-epochs5-google/electra-base-discriminator-6,"0,3743883649932449"
0-seed23-SQL-epochs5-google/electra-base-discriminator-6,"0,3825160320596508"
0-seed47-SQL-epochs5-google/electra-base-discriminator-6,"0,39694242175003613"
0-seed62-SQL-epochs5-google/electra-base-discriminator-6,"0,38432593664382836"
0-mean-SQL-epochs5-google/electra-base-discriminator-6,"0,3844827877290823"
0-seed11-SQL-epochs5-google/electra-base-discriminator-2,"0,7937977660199882"
0-seed17-SQL-epochs5-google/electra-base-discriminator-2,"0,7654420466849645"
0-seed23-SQL-epochs5-google/electra-base-discriminator-2,"0,7598227030275713"
0-seed47-SQL-epochs5-google/electra-base-discriminator-2,"0,787037037037037"
0-seed62-SQL-epochs5-google/electra-base-discriminator-2,"0,8061458082323818"
0-mean-SQL-epochs5-google/electra-base-discriminator-2,"0,7824490722003886"
