1-seed11-epochs1-google/electra-base-discriminator-8,"0,4599795973457509"
2-seed11-epochs1-google/electra-base-discriminator-8,"0,426429744377499"
3-seed11-epochs1-google/electra-base-discriminator-8,"0,2874468218218218"
4-seed11-epochs1-google/electra-base-discriminator-8,"0,38890247691940294"
5-seed11-epochs1-google/electra-base-discriminator-8,"0,3944298940557971"
6-seed11-epochs1-google/electra-base-discriminator-8,"0,43421939124901565"
7-seed11-epochs1-google/electra-base-discriminator-8,"0,3968981367853115"
8-seed11-epochs1-google/electra-base-discriminator-8,"0,5101173492722626"
9-seed11-epochs1-google/electra-base-discriminator-8,"0,38933576315413065"
10-seed11-epochs1-google/electra-base-discriminator-8,"0,5002300778451904"
0-seed11-epochs1-google/electra-base-discriminator-8,"0,4187989252826183"
1-seed17-epochs1-google/electra-base-discriminator-8,"0,5689640218293346"
2-seed17-epochs1-google/electra-base-discriminator-8,"0,4395958440237616"
3-seed17-epochs1-google/electra-base-discriminator-8,"0,5174302292458481"
4-seed17-epochs1-google/electra-base-discriminator-8,"0,3699537011332581"
5-seed17-epochs1-google/electra-base-discriminator-8,"0,3933652489259107"
6-seed17-epochs1-google/electra-base-discriminator-8,"0,48348856475704793"
7-seed17-epochs1-google/electra-base-discriminator-8,"0,5762897608589261"
8-seed17-epochs1-google/electra-base-discriminator-8,"0,4534437830232759"
9-seed17-epochs1-google/electra-base-discriminator-8,"0,42330383270542105"
10-seed17-epochs1-google/electra-base-discriminator-8,"0,5282182010736574"
0-seed17-epochs1-google/electra-base-discriminator-8,"0,47540531875764414"
1-seed23-epochs1-google/electra-base-discriminator-8,"0,466346225201002"
2-seed23-epochs1-google/electra-base-discriminator-8,"0,40411326412750176"
3-seed23-epochs1-google/electra-base-discriminator-8,"0,4281886531022169"
4-seed23-epochs1-google/electra-base-discriminator-8,"0,5428194754901439"
5-seed23-epochs1-google/electra-base-discriminator-8,"0,5259766697008684"
6-seed23-epochs1-google/electra-base-discriminator-8,"0,5456056210373834"
7-seed23-epochs1-google/electra-base-discriminator-8,"0,5140833573006373"
8-seed23-epochs1-google/electra-base-discriminator-8,"0,39677748599712603"
9-seed23-epochs1-google/electra-base-discriminator-8,"0,42786267680019646"
10-seed23-epochs1-google/electra-base-discriminator-8,"0,417426247069165"
0-seed23-epochs1-google/electra-base-discriminator-8,"0,4669199675826241"
1-seed47-epochs1-google/electra-base-discriminator-8,"0,5462617915527137"
2-seed47-epochs1-google/electra-base-discriminator-8,"0,5778664842496855"
3-seed47-epochs1-google/electra-base-discriminator-8,"0,6568083355964924"
4-seed47-epochs1-google/electra-base-discriminator-8,"0,41757963333696646"
5-seed47-epochs1-google/electra-base-discriminator-8,"0,43383157304962927"
6-seed47-epochs1-google/electra-base-discriminator-8,"0,4228598783273359"
7-seed47-epochs1-google/electra-base-discriminator-8,"0,46375494210348145"
8-seed47-epochs1-google/electra-base-discriminator-8,"0,4043835045951642"
9-seed47-epochs1-google/electra-base-discriminator-8,"0,5550973221143534"
10-seed47-epochs1-google/electra-base-discriminator-8,"0,4837556538251061"
0-seed47-epochs1-google/electra-base-discriminator-8,"0,4962199118750929"
1-seed62-epochs1-google/electra-base-discriminator-8,"0,48532709447405636"
2-seed62-epochs1-google/electra-base-discriminator-8,"0,41236746521441964"
3-seed62-epochs1-google/electra-base-discriminator-8,"0,42593847022227804"
4-seed62-epochs1-google/electra-base-discriminator-8,"0,3891567728485861"
5-seed62-epochs1-google/electra-base-discriminator-8,"0,415256722272735"
6-seed62-epochs1-google/electra-base-discriminator-8,"0,5392138986762932"
7-seed62-epochs1-google/electra-base-discriminator-8,"0,39028817285926287"
8-seed62-epochs1-google/electra-base-discriminator-8,"0,41285917787789544"
9-seed62-epochs1-google/electra-base-discriminator-8,"0,4150956389577092"
10-seed62-epochs1-google/electra-base-discriminator-8,"0,43498544327018374"
0-seed62-epochs1-google/electra-base-discriminator-8,"0,43204888566734195"
0-mean-epochs1-google/electra-base-discriminator-8,"0,4578786018330643"
1-seed11-epochs1-google/electra-base-discriminator-6,"0,5332552239631886"
2-seed11-epochs1-google/electra-base-discriminator-6,"0,42581652557764826"
3-seed11-epochs1-google/electra-base-discriminator-6,"0,4463229181947093"
4-seed11-epochs1-google/electra-base-discriminator-6,"0,6306232052142114"
5-seed11-epochs1-google/electra-base-discriminator-6,"0,2929714675468296"
6-seed11-epochs1-google/electra-base-discriminator-6,"0,4632738825930824"
7-seed11-epochs1-google/electra-base-discriminator-6,"0,44270910553477494"
8-seed11-epochs1-google/electra-base-discriminator-6,"0,45883810929512564"
9-seed11-epochs1-google/electra-base-discriminator-6,"0,42813964389714815"
10-seed11-epochs1-google/electra-base-discriminator-6,"0,2846171875159919"
0-seed11-epochs1-google/electra-base-discriminator-6,"0,44065672693327096"
1-seed17-epochs1-google/electra-base-discriminator-6,"0,48376438679414785"
2-seed17-epochs1-google/electra-base-discriminator-6,"0,43490234166433184"
3-seed17-epochs1-google/electra-base-discriminator-6,"0,4798999787072746"
4-seed17-epochs1-google/electra-base-discriminator-6,"0,44867230314684653"
5-seed17-epochs1-google/electra-base-discriminator-6,"0,6859312338018261"
6-seed17-epochs1-google/electra-base-discriminator-6,"0,43354616011965486"
7-seed17-epochs1-google/electra-base-discriminator-6,"0,5019630423423571"
8-seed17-epochs1-google/electra-base-discriminator-6,"0,5839664790645137"
9-seed17-epochs1-google/electra-base-discriminator-6,"0,698509325660854"
10-seed17-epochs1-google/electra-base-discriminator-6,"0,5649608642765336"
0-seed17-epochs1-google/electra-base-discriminator-6,"0,5316116115578341"
1-seed23-epochs1-google/electra-base-discriminator-6,"0,5514502761802911"
2-seed23-epochs1-google/electra-base-discriminator-6,"0,43681853935983544"
3-seed23-epochs1-google/electra-base-discriminator-6,"0,3903020298223199"
4-seed23-epochs1-google/electra-base-discriminator-6,"0,4762146506028662"
5-seed23-epochs1-google/electra-base-discriminator-6,"0,568892962761784"
6-seed23-epochs1-google/electra-base-discriminator-6,"0,692639654433498"
7-seed23-epochs1-google/electra-base-discriminator-6,"0,6078807169649812"
8-seed23-epochs1-google/electra-base-discriminator-6,"0,49852936098912265"
9-seed23-epochs1-google/electra-base-discriminator-6,"0,6728626340406239"
10-seed23-epochs1-google/electra-base-discriminator-6,"0,7743849889745412"
0-seed23-epochs1-google/electra-base-discriminator-6,"0,5669975814129863"
1-seed47-epochs1-google/electra-base-discriminator-6,"0,4512704737789943"
2-seed47-epochs1-google/electra-base-discriminator-6,"0,4854618366209786"
3-seed47-epochs1-google/electra-base-discriminator-6,"0,5613774878314791"
4-seed47-epochs1-google/electra-base-discriminator-6,"0,48485045233584123"
5-seed47-epochs1-google/electra-base-discriminator-6,"0,6071356565533931"
6-seed47-epochs1-google/electra-base-discriminator-6,"0,5071876741892606"
7-seed47-epochs1-google/electra-base-discriminator-6,"0,4161776164012289"
8-seed47-epochs1-google/electra-base-discriminator-6,"0,5122456827514854"
9-seed47-epochs1-google/electra-base-discriminator-6,"0,5321710836806594"
10-seed47-epochs1-google/electra-base-discriminator-6,"0,7213260413959172"
0-seed47-epochs1-google/electra-base-discriminator-6,"0,5279204005539239"
1-seed62-epochs1-google/electra-base-discriminator-6,"0,5240498321048128"
2-seed62-epochs1-google/electra-base-discriminator-6,"0,4221028093590209"
3-seed62-epochs1-google/electra-base-discriminator-6,"0,49888929279496413"
4-seed62-epochs1-google/electra-base-discriminator-6,"0,6179958115757859"
5-seed62-epochs1-google/electra-base-discriminator-6,"0,6897853642507187"
6-seed62-epochs1-google/electra-base-discriminator-6,"0,5115821837609821"
7-seed62-epochs1-google/electra-base-discriminator-6,"0,6750193313133867"
8-seed62-epochs1-google/electra-base-discriminator-6,"0,48951162775181906"
9-seed62-epochs1-google/electra-base-discriminator-6,"0,5581462198740725"
10-seed62-epochs1-google/electra-base-discriminator-6,"0,6360282522772293"
0-seed62-epochs1-google/electra-base-discriminator-6,"0,5623110725062792"
0-mean-epochs1-google/electra-base-discriminator-6,"0,5258994785928589"
1-seed11-epochs1-google/electra-base-discriminator-2,"0,8934481029583821"
2-seed11-epochs1-google/electra-base-discriminator-2,"0,8560590665853823"
3-seed11-epochs1-google/electra-base-discriminator-2,"0,8964660181390219"
4-seed11-epochs1-google/electra-base-discriminator-2,"0,8841627292036933"
5-seed11-epochs1-google/electra-base-discriminator-2,"0,881753891202991"
6-seed11-epochs1-google/electra-base-discriminator-2,"0,897033979388207"
7-seed11-epochs1-google/electra-base-discriminator-2,"0,8643570952698201"
8-seed11-epochs1-google/electra-base-discriminator-2,"0,8810521453221379"
9-seed11-epochs1-google/electra-base-discriminator-2,"0,8975833439234127"
10-seed11-epochs1-google/electra-base-discriminator-2,"0,8723726670155243"
0-seed11-epochs1-google/electra-base-discriminator-2,"0,8824289039008573"
1-seed17-epochs1-google/electra-base-discriminator-2,"0,8767883027667486"
2-seed17-epochs1-google/electra-base-discriminator-2,"0,8708722732669034"
3-seed17-epochs1-google/electra-base-discriminator-2,"0,8890846219090494"
4-seed17-epochs1-google/electra-base-discriminator-2,"0,8699872286079182"
5-seed17-epochs1-google/electra-base-discriminator-2,"0,8824423544830031"
6-seed17-epochs1-google/electra-base-discriminator-2,"0,9083640445630532"
7-seed17-epochs1-google/electra-base-discriminator-2,"0,8683904330963154"
8-seed17-epochs1-google/electra-base-discriminator-2,"0,8859025177004456"
9-seed17-epochs1-google/electra-base-discriminator-2,"0,43001119820828665"
10-seed17-epochs1-google/electra-base-discriminator-2,"0,8708121827411168"
0-seed17-epochs1-google/electra-base-discriminator-2,"0,8352655157342841"
1-seed23-epochs1-google/electra-base-discriminator-2,"0,8613265121150475"
2-seed23-epochs1-google/electra-base-discriminator-2,"0,8484314804623005"
3-seed23-epochs1-google/electra-base-discriminator-2,"0,8808132741294696"
4-seed23-epochs1-google/electra-base-discriminator-2,"0,8891862471790788"
5-seed23-epochs1-google/electra-base-discriminator-2,"0,8793578970049559"
6-seed23-epochs1-google/electra-base-discriminator-2,"0,9083640445630532"
7-seed23-epochs1-google/electra-base-discriminator-2,"0,8841627292036933"
8-seed23-epochs1-google/electra-base-discriminator-2,"0,8722450963114865"
9-seed23-epochs1-google/electra-base-discriminator-2,"0,8872537102168052"
10-seed23-epochs1-google/electra-base-discriminator-2,"0,898253348244434"
0-seed23-epochs1-google/electra-base-discriminator-2,"0,8809394339430326"
1-seed47-epochs1-google/electra-base-discriminator-2,"0,8774653184021394"
2-seed47-epochs1-google/electra-base-discriminator-2,"0,8635786094826241"
3-seed47-epochs1-google/electra-base-discriminator-2,"0,8952568315461777"
4-seed47-epochs1-google/electra-base-discriminator-2,"0,8736805977242126"
5-seed47-epochs1-google/electra-base-discriminator-2,"0,8699872286079182"
6-seed47-epochs1-google/electra-base-discriminator-2,"0,8820459059810196"
7-seed47-epochs1-google/electra-base-discriminator-2,"0,8756606706640018"
8-seed47-epochs1-google/electra-base-discriminator-2,"0,8746036846615253"
9-seed47-epochs1-google/electra-base-discriminator-2,"0,8880498533724339"
10-seed47-epochs1-google/electra-base-discriminator-2,"0,8958090928679164"
0-seed47-epochs1-google/electra-base-discriminator-2,"0,8796137793309968"
1-seed62-epochs1-google/electra-base-discriminator-2,"0,8964743589743589"
2-seed62-epochs1-google/electra-base-discriminator-2,"0,8660948713460529"
3-seed62-epochs1-google/electra-base-discriminator-2,"0,9019230769230769"
4-seed62-epochs1-google/electra-base-discriminator-2,"0,8793578970049559"
5-seed62-epochs1-google/electra-base-discriminator-2,"0,8715999824515224"
6-seed62-epochs1-google/electra-base-discriminator-2,"0,898253348244434"
7-seed62-epochs1-google/electra-base-discriminator-2,"0,8872537102168052"
8-seed62-epochs1-google/electra-base-discriminator-2,"0,8771825919101517"
9-seed62-epochs1-google/electra-base-discriminator-2,"0,920893945045381"
10-seed62-epochs1-google/electra-base-discriminator-2,"0,8753195024282185"
0-seed62-epochs1-google/electra-base-discriminator-2,"0,8874353284544958"
0-mean-epochs1-google/electra-base-discriminator-2,"0,8731365922727333"
1-seed11-epochs3-google/electra-base-discriminator-8,"0,7554220119454718"
2-seed11-epochs3-google/electra-base-discriminator-8,"0,8136771494431008"
3-seed11-epochs3-google/electra-base-discriminator-8,"0,7445867586294097"
4-seed11-epochs3-google/electra-base-discriminator-8,"0,7752585142968078"
5-seed11-epochs3-google/electra-base-discriminator-8,"0,768718399068571"
6-seed11-epochs3-google/electra-base-discriminator-8,"0,7738626180870615"
7-seed11-epochs3-google/electra-base-discriminator-8,"0,8057298621258067"
8-seed11-epochs3-google/electra-base-discriminator-8,"0,7664878309764915"
9-seed11-epochs3-google/electra-base-discriminator-8,"0,7308542585440914"
10-seed11-epochs3-google/electra-base-discriminator-8,"0,7961774267788473"
0-seed11-epochs3-google/electra-base-discriminator-8,"0,773077482989566"
1-seed17-epochs3-google/electra-base-discriminator-8,"0,7804824890448426"
2-seed17-epochs3-google/electra-base-discriminator-8,"0,778329617408363"
3-seed17-epochs3-google/electra-base-discriminator-8,"0,7859816894728413"
4-seed17-epochs3-google/electra-base-discriminator-8,"0,7973951448292924"
5-seed17-epochs3-google/electra-base-discriminator-8,"0,7802497217682418"
6-seed17-epochs3-google/electra-base-discriminator-8,"0,7692212953899593"
7-seed17-epochs3-google/electra-base-discriminator-8,"0,8222769845982172"
8-seed17-epochs3-google/electra-base-discriminator-8,"0,8060937933108847"
9-seed17-epochs3-google/electra-base-discriminator-8,"0,7755882978927657"
10-seed17-epochs3-google/electra-base-discriminator-8,"0,7866919134355314"
0-seed17-epochs3-google/electra-base-discriminator-8,"0,7882310947150939"
1-seed23-epochs3-google/electra-base-discriminator-8,"0,7830543021626295"
2-seed23-epochs3-google/electra-base-discriminator-8,"0,7797545897777969"
3-seed23-epochs3-google/electra-base-discriminator-8,"0,7664115077413673"
4-seed23-epochs3-google/electra-base-discriminator-8,"0,7817636840966379"
5-seed23-epochs3-google/electra-base-discriminator-8,"0,8110583143988486"
6-seed23-epochs3-google/electra-base-discriminator-8,"0,7896563157801392"
7-seed23-epochs3-google/electra-base-discriminator-8,"0,827723774083716"
8-seed23-epochs3-google/electra-base-discriminator-8,"0,7826479800438105"
9-seed23-epochs3-google/electra-base-discriminator-8,"0,768826357295265"
10-seed23-epochs3-google/electra-base-discriminator-8,"0,7769354319115674"
0-seed23-epochs3-google/electra-base-discriminator-8,"0,7867832257291778"
1-seed47-epochs3-google/electra-base-discriminator-8,"0,768986405143155"
2-seed47-epochs3-google/electra-base-discriminator-8,"0,7732334845313633"
3-seed47-epochs3-google/electra-base-discriminator-8,"0,7655531565027606"
4-seed47-epochs3-google/electra-base-discriminator-8,"0,7937574889927339"
5-seed47-epochs3-google/electra-base-discriminator-8,"0,7955672191419796"
6-seed47-epochs3-google/electra-base-discriminator-8,"0,7399977673783945"
7-seed47-epochs3-google/electra-base-discriminator-8,"0,8340707754984489"
8-seed47-epochs3-google/electra-base-discriminator-8,"0,738343756741706"
9-seed47-epochs3-google/electra-base-discriminator-8,"0,7832142241059636"
10-seed47-epochs3-google/electra-base-discriminator-8,"0,7839396003365737"
0-seed47-epochs3-google/electra-base-discriminator-8,"0,7776663878373078"
1-seed62-epochs3-google/electra-base-discriminator-8,"0,7906404017915784"
2-seed62-epochs3-google/electra-base-discriminator-8,"0,7999624746016367"
3-seed62-epochs3-google/electra-base-discriminator-8,"0,7940756069127293"
4-seed62-epochs3-google/electra-base-discriminator-8,"0,7681732010793574"
5-seed62-epochs3-google/electra-base-discriminator-8,"0,7894077567405551"
6-seed62-epochs3-google/electra-base-discriminator-8,"0,7572939740388918"
7-seed62-epochs3-google/electra-base-discriminator-8,"0,7802997090096249"
8-seed62-epochs3-google/electra-base-discriminator-8,"0,7945284246019868"
9-seed62-epochs3-google/electra-base-discriminator-8,"0,7053754631853877"
10-seed62-epochs3-google/electra-base-discriminator-8,"0,7993325043652582"
0-seed62-epochs3-google/electra-base-discriminator-8,"0,7779089516327007"
0-mean-epochs3-google/electra-base-discriminator-8,"0,7807334285807693"
1-seed11-epochs3-google/electra-base-discriminator-6,"0,8235610731435443"
2-seed11-epochs3-google/electra-base-discriminator-6,"0,7783367978024905"
3-seed11-epochs3-google/electra-base-discriminator-6,"0,6946494818457745"
4-seed11-epochs3-google/electra-base-discriminator-6,"0,8346590555156509"
5-seed11-epochs3-google/electra-base-discriminator-6,"0,8245193899497171"
6-seed11-epochs3-google/electra-base-discriminator-6,"0,8333895720725758"
7-seed11-epochs3-google/electra-base-discriminator-6,"0,8218422221152251"
8-seed11-epochs3-google/electra-base-discriminator-6,"0,8245029001290071"
9-seed11-epochs3-google/electra-base-discriminator-6,"0,8273064231666383"
10-seed11-epochs3-google/electra-base-discriminator-6,"0,8455384502460724"
0-seed11-epochs3-google/electra-base-discriminator-6,"0,8108305365986697"
1-seed17-epochs3-google/electra-base-discriminator-6,"0,8571324315690201"
2-seed17-epochs3-google/electra-base-discriminator-6,"0,801658233262895"
3-seed17-epochs3-google/electra-base-discriminator-6,"0,8879969742912103"
4-seed17-epochs3-google/electra-base-discriminator-6,"0,8303013861837392"
5-seed17-epochs3-google/electra-base-discriminator-6,"0,834398477892886"
6-seed17-epochs3-google/electra-base-discriminator-6,"0,8499366008599335"
7-seed17-epochs3-google/electra-base-discriminator-6,"0,8110665950369399"
8-seed17-epochs3-google/electra-base-discriminator-6,"0,8506226078736598"
9-seed17-epochs3-google/electra-base-discriminator-6,"0,8343351539671394"
10-seed17-epochs3-google/electra-base-discriminator-6,"0,8826194156706643"
0-seed17-epochs3-google/electra-base-discriminator-6,"0,8440067876608088"
1-seed23-epochs3-google/electra-base-discriminator-6,"0,8478110218393877"
2-seed23-epochs3-google/electra-base-discriminator-6,"0,7772927455884839"
3-seed23-epochs3-google/electra-base-discriminator-6,"0,8593479222352557"
4-seed23-epochs3-google/electra-base-discriminator-6,"0,8466478696741855"
5-seed23-epochs3-google/electra-base-discriminator-6,"0,7966253326899557"
6-seed23-epochs3-google/electra-base-discriminator-6,"0,8522511765826729"
7-seed23-epochs3-google/electra-base-discriminator-6,"0,8229308853061786"
8-seed23-epochs3-google/electra-base-discriminator-6,"0,7977706762251932"
9-seed23-epochs3-google/electra-base-discriminator-6,"0,8349543318969853"
10-seed23-epochs3-google/electra-base-discriminator-6,"0,8906909373278301"
0-seed23-epochs3-google/electra-base-discriminator-6,"0,832632289936613"
1-seed47-epochs3-google/electra-base-discriminator-6,"0,809604438158757"
2-seed47-epochs3-google/electra-base-discriminator-6,"0,7853611401073416"
3-seed47-epochs3-google/electra-base-discriminator-6,"0,8472411850231455"
4-seed47-epochs3-google/electra-base-discriminator-6,"0,768294566924704"
5-seed47-epochs3-google/electra-base-discriminator-6,"0,8356335610950665"
6-seed47-epochs3-google/electra-base-discriminator-6,"0,8456625668618051"
7-seed47-epochs3-google/electra-base-discriminator-6,"0,8182598360286502"
8-seed47-epochs3-google/electra-base-discriminator-6,"0,8122942340841174"
9-seed47-epochs3-google/electra-base-discriminator-6,"0,8310063945581064"
10-seed47-epochs3-google/electra-base-discriminator-6,"0,8628154588029405"
0-seed47-epochs3-google/electra-base-discriminator-6,"0,8216173381644634"
1-seed62-epochs3-google/electra-base-discriminator-6,"0,8577657708324965"
2-seed62-epochs3-google/electra-base-discriminator-6,"0,8062998127357766"
3-seed62-epochs3-google/electra-base-discriminator-6,"0,8716856786793166"
4-seed62-epochs3-google/electra-base-discriminator-6,"0,8024310095127688"
5-seed62-epochs3-google/electra-base-discriminator-6,"0,8592352463649054"
6-seed62-epochs3-google/electra-base-discriminator-6,"0,8515362105142513"
7-seed62-epochs3-google/electra-base-discriminator-6,"0,7911564814408979"
8-seed62-epochs3-google/electra-base-discriminator-6,"0,7945967775908486"
9-seed62-epochs3-google/electra-base-discriminator-6,"0,8490519029064122"
10-seed62-epochs3-google/electra-base-discriminator-6,"0,8413173762717748"
0-seed62-epochs3-google/electra-base-discriminator-6,"0,832507626684945"
0-mean-epochs3-google/electra-base-discriminator-6,"0,8283189158091"
1-seed11-epochs3-google/electra-base-discriminator-2,"0,8916686958278718"
2-seed11-epochs3-google/electra-base-discriminator-2,"0,8946303908135969"
3-seed11-epochs3-google/electra-base-discriminator-2,"0,9051339285714286"
4-seed11-epochs3-google/electra-base-discriminator-2,"0,9040427314620862"
5-seed11-epochs3-google/electra-base-discriminator-2,"0,8974347051073392"
6-seed11-epochs3-google/electra-base-discriminator-2,"0,9171432022138555"
7-seed11-epochs3-google/electra-base-discriminator-2,"0,8863113387389165"
8-seed11-epochs3-google/electra-base-discriminator-2,"0,8915991834487343"
9-seed11-epochs3-google/electra-base-discriminator-2,"0,9107218923049938"
10-seed11-epochs3-google/electra-base-discriminator-2,"0,9018637532133675"
0-seed11-epochs3-google/electra-base-discriminator-2,"0,9000549821702191"
1-seed17-epochs3-google/electra-base-discriminator-2,"0,8823529411764706"
2-seed17-epochs3-google/electra-base-discriminator-2,"0,8901948227604215"
3-seed17-epochs3-google/electra-base-discriminator-2,"0,9282734049036614"
4-seed17-epochs3-google/electra-base-discriminator-2,"0,8981528286785458"
5-seed17-epochs3-google/electra-base-discriminator-2,"0,9137543948828737"
6-seed17-epochs3-google/electra-base-discriminator-2,"0,9385256016425381"
7-seed17-epochs3-google/electra-base-discriminator-2,"0,8927535292306197"
8-seed17-epochs3-google/electra-base-discriminator-2,"0,8915991834487343"
9-seed17-epochs3-google/electra-base-discriminator-2,"0,9265572824339365"
10-seed17-epochs3-google/electra-base-discriminator-2,"0,9093736908253036"
0-seed17-epochs3-google/electra-base-discriminator-2,"0,9071537679983106"
1-seed23-epochs3-google/electra-base-discriminator-2,"0,8899076910425361"
2-seed23-epochs3-google/electra-base-discriminator-2,"0,8946303908135969"
3-seed23-epochs3-google/electra-base-discriminator-2,"0,9000587889476778"
4-seed23-epochs3-google/electra-base-discriminator-2,"0,8933779494148166"
5-seed23-epochs3-google/electra-base-discriminator-2,"0,9257708333333333"
6-seed23-epochs3-google/electra-base-discriminator-2,"0,9232277526395174"
7-seed23-epochs3-google/electra-base-discriminator-2,"0,8827188940092165"
8-seed23-epochs3-google/electra-base-discriminator-2,"0,9045624999999999"
9-seed23-epochs3-google/electra-base-discriminator-2,"0,919732832776311"
10-seed23-epochs3-google/electra-base-discriminator-2,"0,9117401060791515"
0-seed23-epochs3-google/electra-base-discriminator-2,"0,9045727739056156"
1-seed47-epochs3-google/electra-base-discriminator-2,"0,894656561323228"
2-seed47-epochs3-google/electra-base-discriminator-2,"0,8733017185697172"
3-seed47-epochs3-google/electra-base-discriminator-2,"0,9177932042382171"
4-seed47-epochs3-google/electra-base-discriminator-2,"0,8975833439234127"
5-seed47-epochs3-google/electra-base-discriminator-2,"0,9122602887308771"
6-seed47-epochs3-google/electra-base-discriminator-2,"0,9132657408196303"
7-seed47-epochs3-google/electra-base-discriminator-2,"0,9175949572020201"
8-seed47-epochs3-google/electra-base-discriminator-2,"0,9136689538200602"
9-seed47-epochs3-google/electra-base-discriminator-2,"0,9237334986695601"
10-seed47-epochs3-google/electra-base-discriminator-2,"0,8997989970574827"
0-seed47-epochs3-google/electra-base-discriminator-2,"0,9063657264354206"
1-seed62-epochs3-google/electra-base-discriminator-2,"0,8875023633957271"
2-seed62-epochs3-google/electra-base-discriminator-2,"0,8897440332065029"
3-seed62-epochs3-google/electra-base-discriminator-2,"0,9225374611770745"
4-seed62-epochs3-google/electra-base-discriminator-2,"0,8898064788658024"
5-seed62-epochs3-google/electra-base-discriminator-2,"0,9059323600073924"
6-seed62-epochs3-google/electra-base-discriminator-2,"0,9220582411489822"
7-seed62-epochs3-google/electra-base-discriminator-2,"0,883470695970696"
8-seed62-epochs3-google/electra-base-discriminator-2,"0,9157361273543845"
9-seed62-epochs3-google/electra-base-discriminator-2,"0,9169318645450837"
10-seed62-epochs3-google/electra-base-discriminator-2,"0,8968870281585521"
0-seed62-epochs3-google/electra-base-discriminator-2,"0,90306066538302"
0-mean-epochs3-google/electra-base-discriminator-2,"0,9042415831785171"
1-seed11-epochs5-google/electra-base-discriminator-8,"0,776178012184384"
2-seed11-epochs5-google/electra-base-discriminator-8,"0,8002809940027211"
3-seed11-epochs5-google/electra-base-discriminator-8,"0,8088586945856379"
4-seed11-epochs5-google/electra-base-discriminator-8,"0,8097082853198538"
5-seed11-epochs5-google/electra-base-discriminator-8,"0,7915714854077339"
6-seed11-epochs5-google/electra-base-discriminator-8,"0,8103958387523138"
7-seed11-epochs5-google/electra-base-discriminator-8,"0,810816949741258"
8-seed11-epochs5-google/electra-base-discriminator-8,"0,8114606260920771"
9-seed11-epochs5-google/electra-base-discriminator-8,"0,7753058064503744"
10-seed11-epochs5-google/electra-base-discriminator-8,"0,7980954672310818"
0-seed11-epochs5-google/electra-base-discriminator-8,"0,7992672159767436"
1-seed17-epochs5-google/electra-base-discriminator-8,"0,779587270965963"
2-seed17-epochs5-google/electra-base-discriminator-8,"0,8000375432163073"
3-seed17-epochs5-google/electra-base-discriminator-8,"0,7646784057839351"
4-seed17-epochs5-google/electra-base-discriminator-8,"0,7764326849277343"
5-seed17-epochs5-google/electra-base-discriminator-8,"0,7726987799262914"
6-seed17-epochs5-google/electra-base-discriminator-8,"0,7945374870905171"
7-seed17-epochs5-google/electra-base-discriminator-8,"0,8239856378079823"
8-seed17-epochs5-google/electra-base-discriminator-8,"0,8048766635810359"
9-seed17-epochs5-google/electra-base-discriminator-8,"0,7856551015939467"
10-seed17-epochs5-google/electra-base-discriminator-8,"0,8155861062132708"
0-seed17-epochs5-google/electra-base-discriminator-8,"0,7918075681106983"
1-seed23-epochs5-google/electra-base-discriminator-8,"0,802404335402579"
2-seed23-epochs5-google/electra-base-discriminator-8,"0,7968198504457216"
3-seed23-epochs5-google/electra-base-discriminator-8,"0,8009258653159332"
4-seed23-epochs5-google/electra-base-discriminator-8,"0,7862346712579893"
5-seed23-epochs5-google/electra-base-discriminator-8,"0,8133752113301209"
6-seed23-epochs5-google/electra-base-discriminator-8,"0,8067952318824364"
7-seed23-epochs5-google/electra-base-discriminator-8,"0,8507687801182925"
8-seed23-epochs5-google/electra-base-discriminator-8,"0,7797830453158895"
9-seed23-epochs5-google/electra-base-discriminator-8,"0,8070112430766068"
10-seed23-epochs5-google/electra-base-discriminator-8,"0,8155804725115531"
0-seed23-epochs5-google/electra-base-discriminator-8,"0,8059698706657121"
1-seed47-epochs5-google/electra-base-discriminator-8,"0,7638933073887675"
2-seed47-epochs5-google/electra-base-discriminator-8,"0,7978364063089279"
3-seed47-epochs5-google/electra-base-discriminator-8,"0,806283694728816"
4-seed47-epochs5-google/electra-base-discriminator-8,"0,7874949258289037"
5-seed47-epochs5-google/electra-base-discriminator-8,"0,8150180758609646"
6-seed47-epochs5-google/electra-base-discriminator-8,"0,811604186869739"
7-seed47-epochs5-google/electra-base-discriminator-8,"0,8479009859415032"
8-seed47-epochs5-google/electra-base-discriminator-8,"0,7829953400921417"
9-seed47-epochs5-google/electra-base-discriminator-8,"0,8176873610927073"
10-seed47-epochs5-google/electra-base-discriminator-8,"0,7923325176168958"
0-seed47-epochs5-google/electra-base-discriminator-8,"0,8023046801729367"
1-seed62-epochs5-google/electra-base-discriminator-8,"0,7958818562966783"
2-seed62-epochs5-google/electra-base-discriminator-8,"0,8191846198542071"
3-seed62-epochs5-google/electra-base-discriminator-8,"0,7975010684954813"
4-seed62-epochs5-google/electra-base-discriminator-8,"0,8110018567427464"
5-seed62-epochs5-google/electra-base-discriminator-8,"0,7957064275275546"
6-seed62-epochs5-google/electra-base-discriminator-8,"0,7962835014581537"
7-seed62-epochs5-google/electra-base-discriminator-8,"0,8360387404964195"
8-seed62-epochs5-google/electra-base-discriminator-8,"0,788818183437777"
9-seed62-epochs5-google/electra-base-discriminator-8,"0,7839540053398197"
10-seed62-epochs5-google/electra-base-discriminator-8,"0,7839668363953451"
0-seed62-epochs5-google/electra-base-discriminator-8,"0,8008337096044184"
0-mean-epochs5-google/electra-base-discriminator-8,"0,8000366089061017"
1-seed11-epochs5-google/electra-base-discriminator-6,"0,8025151262473179"
2-seed11-epochs5-google/electra-base-discriminator-6,"0,8291865858839867"
3-seed11-epochs5-google/electra-base-discriminator-6,"0,3149332196646775"
4-seed11-epochs5-google/electra-base-discriminator-6,"0,8388414867540184"
5-seed11-epochs5-google/electra-base-discriminator-6,"0,8156549850146405"
6-seed11-epochs5-google/electra-base-discriminator-6,"0,8320251351598928"
7-seed11-epochs5-google/electra-base-discriminator-6,"0,8269547622248141"
8-seed11-epochs5-google/electra-base-discriminator-6,"0,7916364023451089"
9-seed11-epochs5-google/electra-base-discriminator-6,"0,8668757351662251"
10-seed11-epochs5-google/electra-base-discriminator-6,"0,8718492525329454"
0-seed11-epochs5-google/electra-base-discriminator-6,"0,7790472690993627"
1-seed17-epochs5-google/electra-base-discriminator-6,"0,8833101698186224"
2-seed17-epochs5-google/electra-base-discriminator-6,"0,815668032217328"
3-seed17-epochs5-google/electra-base-discriminator-6,"0,8628734220048163"
4-seed17-epochs5-google/electra-base-discriminator-6,"0,828169183228316"
5-seed17-epochs5-google/electra-base-discriminator-6,"0,8541368574883967"
6-seed17-epochs5-google/electra-base-discriminator-6,"0,8593921918730102"
7-seed17-epochs5-google/electra-base-discriminator-6,"0,8406900566666349"
8-seed17-epochs5-google/electra-base-discriminator-6,"0,8298271256927587"
9-seed17-epochs5-google/electra-base-discriminator-6,"0,8630599351567093"
10-seed17-epochs5-google/electra-base-discriminator-6,"0,898210506967852"
0-seed17-epochs5-google/electra-base-discriminator-6,"0,8535337481114444"
1-seed23-epochs5-google/electra-base-discriminator-6,"0,855249500995953"
2-seed23-epochs5-google/electra-base-discriminator-6,"0,8165373235326928"
3-seed23-epochs5-google/electra-base-discriminator-6,"0,8400883097270611"
4-seed23-epochs5-google/electra-base-discriminator-6,"0,8480312732744414"
5-seed23-epochs5-google/electra-base-discriminator-6,"0,8661854990511965"
6-seed23-epochs5-google/electra-base-discriminator-6,"0,839309889859681"
7-seed23-epochs5-google/electra-base-discriminator-6,"0,8598157508605562"
8-seed23-epochs5-google/electra-base-discriminator-6,"0,8218219347321104"
9-seed23-epochs5-google/electra-base-discriminator-6,"0,8440443900186384"
10-seed23-epochs5-google/electra-base-discriminator-6,"0,8747895193992802"
0-seed23-epochs5-google/electra-base-discriminator-6,"0,846587339145161"
1-seed47-epochs5-google/electra-base-discriminator-6,"0,8401486345601971"
2-seed47-epochs5-google/electra-base-discriminator-6,"0,7861526964752771"
3-seed47-epochs5-google/electra-base-discriminator-6,"0,8622332942051253"
4-seed47-epochs5-google/electra-base-discriminator-6,"0,829530929294069"
5-seed47-epochs5-google/electra-base-discriminator-6,"0,8230550290104705"
6-seed47-epochs5-google/electra-base-discriminator-6,"0,8687693556657169"
7-seed47-epochs5-google/electra-base-discriminator-6,"0,8595213129849202"
8-seed47-epochs5-google/electra-base-discriminator-6,"0,8247121321502439"
9-seed47-epochs5-google/electra-base-discriminator-6,"0,8564362291731995"
10-seed47-epochs5-google/electra-base-discriminator-6,"0,8710846624895918"
0-seed47-epochs5-google/electra-base-discriminator-6,"0,842164427600881"
1-seed62-epochs5-google/electra-base-discriminator-6,"0,8756396682487795"
2-seed62-epochs5-google/electra-base-discriminator-6,"0,8253892940989714"
3-seed62-epochs5-google/electra-base-discriminator-6,"0,867276735973447"
4-seed62-epochs5-google/electra-base-discriminator-6,"0,8517449871325189"
5-seed62-epochs5-google/electra-base-discriminator-6,"0,8702250791249068"
6-seed62-epochs5-google/electra-base-discriminator-6,"0,8304330751496409"
7-seed62-epochs5-google/electra-base-discriminator-6,"0,8336940167846191"
8-seed62-epochs5-google/electra-base-discriminator-6,"0,8232963362325459"
9-seed62-epochs5-google/electra-base-discriminator-6,"0,8618666676924139"
10-seed62-epochs5-google/electra-base-discriminator-6,"0,8647118770564098"
0-seed62-epochs5-google/electra-base-discriminator-6,"0,8504277737494255"
0-mean-epochs5-google/electra-base-discriminator-6,"0,834352111541255"
1-seed11-epochs5-google/electra-base-discriminator-2,"0,8887361173826351"
2-seed11-epochs5-google/electra-base-discriminator-2,"0,9198265347608077"
3-seed11-epochs5-google/electra-base-discriminator-2,"0,9094308875146248"
4-seed11-epochs5-google/electra-base-discriminator-2,"0,9040427314620862"
5-seed11-epochs5-google/electra-base-discriminator-2,"0,9142339609924597"
6-seed11-epochs5-google/electra-base-discriminator-2,"0,9306975282781735"
7-seed11-epochs5-google/electra-base-discriminator-2,"0,8910126853317039"
8-seed11-epochs5-google/electra-base-discriminator-2,"0,9093736908253036"
9-seed11-epochs5-google/electra-base-discriminator-2,"0,9158234984589941"
10-seed11-epochs5-google/electra-base-discriminator-2,"0,9117976023566849"
0-seed11-epochs5-google/electra-base-discriminator-2,"0,9094975237363474"
1-seed17-epochs5-google/electra-base-discriminator-2,"0,8846652001397998"
2-seed17-epochs5-google/electra-base-discriminator-2,"0,9007696298858527"
3-seed17-epochs5-google/electra-base-discriminator-2,"0,9225374611770745"
4-seed17-epochs5-google/electra-base-discriminator-2,"0,8951817725796658"
5-seed17-epochs5-google/electra-base-discriminator-2,"0,9162139917695473"
6-seed17-epochs5-google/electra-base-discriminator-2,"0,9220582411489822"
7-seed17-epochs5-google/electra-base-discriminator-2,"0,8904152029280024"
8-seed17-epochs5-google/electra-base-discriminator-2,"0,9137543948828737"
9-seed17-epochs5-google/electra-base-discriminator-2,"0,901857113862391"
10-seed17-epochs5-google/electra-base-discriminator-2,"0,9092529862720629"
0-seed17-epochs5-google/electra-base-discriminator-2,"0,9056705994646252"
1-seed23-epochs5-google/electra-base-discriminator-2,"0,8975011723722115"
2-seed23-epochs5-google/electra-base-discriminator-2,"0,9001761597181446"
3-seed23-epochs5-google/electra-base-discriminator-2,"0,9191946932567179"
4-seed23-epochs5-google/electra-base-discriminator-2,"0,8999973450152661"
5-seed23-epochs5-google/electra-base-discriminator-2,"0,916682947435119"
6-seed23-epochs5-google/electra-base-discriminator-2,"0,9088735835544883"
7-seed23-epochs5-google/electra-base-discriminator-2,"0,8879101519489099"
8-seed23-epochs5-google/electra-base-discriminator-2,"0,9171432022138555"
9-seed23-epochs5-google/electra-base-discriminator-2,"0,9026944638197836"
10-seed23-epochs5-google/electra-base-discriminator-2,"0,9069620484538935"
0-seed23-epochs5-google/electra-base-discriminator-2,"0,905713576778839"
1-seed47-epochs5-google/electra-base-discriminator-2,"0,8751425937211883"
2-seed47-epochs5-google/electra-base-discriminator-2,"0,9051505338701208"
3-seed47-epochs5-google/electra-base-discriminator-2,"0,9080138726417282"
4-seed47-epochs5-google/electra-base-discriminator-2,"0,9050727340544573"
5-seed47-epochs5-google/electra-base-discriminator-2,"0,9035132061165172"
6-seed47-epochs5-google/electra-base-discriminator-2,"0,9156202080484065"
7-seed47-epochs5-google/electra-base-discriminator-2,"0,9162139917695473"
8-seed47-epochs5-google/electra-base-discriminator-2,"0,9117976023566849"
9-seed47-epochs5-google/electra-base-discriminator-2,"0,9145543058586537"
10-seed47-epochs5-google/electra-base-discriminator-2,"0,9186866320184033"
0-seed47-epochs5-google/electra-base-discriminator-2,"0,9073765680455705"
1-seed62-epochs5-google/electra-base-discriminator-2,"0,8910818370759301"
2-seed62-epochs5-google/electra-base-discriminator-2,"0,9026563633289888"
3-seed62-epochs5-google/electra-base-discriminator-2,"0,9191946932567179"
4-seed62-epochs5-google/electra-base-discriminator-2,"0,9005570662935289"
5-seed62-epochs5-google/electra-base-discriminator-2,"0,9059323600073924"
6-seed62-epochs5-google/electra-base-discriminator-2,"0,9132657408196303"
7-seed62-epochs5-google/electra-base-discriminator-2,"0,8970030672233109"
8-seed62-epochs5-google/electra-base-discriminator-2,"0,902423958422084"
9-seed62-epochs5-google/electra-base-discriminator-2,"0,9269397965879265"
10-seed62-epochs5-google/electra-base-discriminator-2,"0,9249547158684022"
0-seed62-epochs5-google/electra-base-discriminator-2,"0,9084009598883913"
0-mean-epochs5-google/electra-base-discriminator-2,"0,9073318455827547"
