1-seed11-epochs1-bert-base-multilingual-cased-8,"0,7956139115713612"
2-seed11-epochs1-bert-base-multilingual-cased-8,"0,8275505420443701"
3-seed11-epochs1-bert-base-multilingual-cased-8,"0,7890516654874158"
4-seed11-epochs1-bert-base-multilingual-cased-8,"0,8349452210140499"
5-seed11-epochs1-bert-base-multilingual-cased-8,"0,8265840060072002"
6-seed11-epochs1-bert-base-multilingual-cased-8,"0,7851323404276822"
7-seed11-epochs1-bert-base-multilingual-cased-8,"0,8633803996587059"
8-seed11-epochs1-bert-base-multilingual-cased-8,"0,8125541998400141"
9-seed11-epochs1-bert-base-multilingual-cased-8,"0,7852380125176533"
10-seed11-epochs1-bert-base-multilingual-cased-8,"0,8378825482410348"
0-seed11-epochs1-bert-base-multilingual-cased-8,"0,8157932846809489"
1-seed17-epochs1-bert-base-multilingual-cased-8,"0,7967883960484401"
2-seed17-epochs1-bert-base-multilingual-cased-8,"0,848789531348302"
3-seed17-epochs1-bert-base-multilingual-cased-8,"0,8093249168746168"
4-seed17-epochs1-bert-base-multilingual-cased-8,"0,8285406563746645"
5-seed17-epochs1-bert-base-multilingual-cased-8,"0,8026441568145929"
6-seed17-epochs1-bert-base-multilingual-cased-8,"0,8183845620936815"
7-seed17-epochs1-bert-base-multilingual-cased-8,"0,8377831744093879"
8-seed17-epochs1-bert-base-multilingual-cased-8,"0,8263842681928604"
9-seed17-epochs1-bert-base-multilingual-cased-8,"0,7648119294244802"
10-seed17-epochs1-bert-base-multilingual-cased-8,"0,8585244798531273"
0-seed17-epochs1-bert-base-multilingual-cased-8,"0,8191976071434155"
1-seed23-epochs1-bert-base-multilingual-cased-8,"0,8194359280193478"
2-seed23-epochs1-bert-base-multilingual-cased-8,"0,848397299682913"
3-seed23-epochs1-bert-base-multilingual-cased-8,"0,8181156061935958"
4-seed23-epochs1-bert-base-multilingual-cased-8,"0,8116489005204957"
5-seed23-epochs1-bert-base-multilingual-cased-8,"0,8340973783086713"
6-seed23-epochs1-bert-base-multilingual-cased-8,"0,8289164340431628"
7-seed23-epochs1-bert-base-multilingual-cased-8,"0,8513926015525132"
8-seed23-epochs1-bert-base-multilingual-cased-8,"0,8463420792203687"
9-seed23-epochs1-bert-base-multilingual-cased-8,"0,7911650972130563"
10-seed23-epochs1-bert-base-multilingual-cased-8,"0,831544008708778"
0-seed23-epochs1-bert-base-multilingual-cased-8,"0,8281055333462903"
1-seed47-epochs1-bert-base-multilingual-cased-8,"0,7954415670628354"
2-seed47-epochs1-bert-base-multilingual-cased-8,"0,8482575599981417"
3-seed47-epochs1-bert-base-multilingual-cased-8,"0,8324793958809376"
4-seed47-epochs1-bert-base-multilingual-cased-8,"0,8283286727995478"
5-seed47-epochs1-bert-base-multilingual-cased-8,"0,8490270656244362"
6-seed47-epochs1-bert-base-multilingual-cased-8,"0,8099288015654422"
7-seed47-epochs1-bert-base-multilingual-cased-8,"0,866679146047453"
8-seed47-epochs1-bert-base-multilingual-cased-8,"0,8159621451245702"
9-seed47-epochs1-bert-base-multilingual-cased-8,"0,7652935728028389"
10-seed47-epochs1-bert-base-multilingual-cased-8,"0,8303727107712651"
0-seed47-epochs1-bert-base-multilingual-cased-8,"0,8241770637677467"
1-seed62-epochs1-bert-base-multilingual-cased-8,"0,807116613215946"
2-seed62-epochs1-bert-base-multilingual-cased-8,"0,8470675628949519"
3-seed62-epochs1-bert-base-multilingual-cased-8,"0,8189650319054465"
4-seed62-epochs1-bert-base-multilingual-cased-8,"0,8185654390155626"
5-seed62-epochs1-bert-base-multilingual-cased-8,"0,8305855884416256"
6-seed62-epochs1-bert-base-multilingual-cased-8,"0,7877095487396532"
7-seed62-epochs1-bert-base-multilingual-cased-8,"0,846101625939141"
8-seed62-epochs1-bert-base-multilingual-cased-8,"0,8479797861905705"
9-seed62-epochs1-bert-base-multilingual-cased-8,"0,7873212519226217"
10-seed62-epochs1-bert-base-multilingual-cased-8,"0,8384473554679035"
0-seed62-epochs1-bert-base-multilingual-cased-8,"0,8229859803733423"
0-mean-epochs1-bert-base-multilingual-cased-8,"0,8220518938623487"
1-seed11-epochs1-bert-base-multilingual-cased-6,"0,8512106830612773"
2-seed11-epochs1-bert-base-multilingual-cased-6,"0,852316802368616"
3-seed11-epochs1-bert-base-multilingual-cased-6,"0,8812231528726374"
4-seed11-epochs1-bert-base-multilingual-cased-6,"0,8446357293725715"
5-seed11-epochs1-bert-base-multilingual-cased-6,"0,8720434595325764"
6-seed11-epochs1-bert-base-multilingual-cased-6,"0,8815156028012283"
7-seed11-epochs1-bert-base-multilingual-cased-6,"0,8712562653764332"
8-seed11-epochs1-bert-base-multilingual-cased-6,"0,859633260711692"
9-seed11-epochs1-bert-base-multilingual-cased-6,"0,8912494553258569"
10-seed11-epochs1-bert-base-multilingual-cased-6,"0,62910782678646"
0-seed11-epochs1-bert-base-multilingual-cased-6,"0,8434192238209348"
1-seed17-epochs1-bert-base-multilingual-cased-6,"0,8336992150780705"
2-seed17-epochs1-bert-base-multilingual-cased-6,"0,8582284030753199"
3-seed17-epochs1-bert-base-multilingual-cased-6,"0,8828202734676666"
4-seed17-epochs1-bert-base-multilingual-cased-6,"0,8427332950047379"
5-seed17-epochs1-bert-base-multilingual-cased-6,"0,8790150883066791"
6-seed17-epochs1-bert-base-multilingual-cased-6,"0,8604733338301412"
7-seed17-epochs1-bert-base-multilingual-cased-6,"0,8464792738865707"
8-seed17-epochs1-bert-base-multilingual-cased-6,"0,8493091669282679"
9-seed17-epochs1-bert-base-multilingual-cased-6,"0,9047608895723389"
10-seed17-epochs1-bert-base-multilingual-cased-6,"0,8599158681935032"
0-seed17-epochs1-bert-base-multilingual-cased-6,"0,8617434807343296"
1-seed23-epochs1-bert-base-multilingual-cased-6,"0,8505345119656827"
2-seed23-epochs1-bert-base-multilingual-cased-6,"0,8565820281267436"
3-seed23-epochs1-bert-base-multilingual-cased-6,"0,8706960183063125"
4-seed23-epochs1-bert-base-multilingual-cased-6,"0,8582642319419534"
5-seed23-epochs1-bert-base-multilingual-cased-6,"0,8929458792795177"
6-seed23-epochs1-bert-base-multilingual-cased-6,"0,8891532912177847"
7-seed23-epochs1-bert-base-multilingual-cased-6,"0,8376747033880432"
8-seed23-epochs1-bert-base-multilingual-cased-6,"0,8610916276382589"
9-seed23-epochs1-bert-base-multilingual-cased-6,"0,9282563494945247"
10-seed23-epochs1-bert-base-multilingual-cased-6,"0,8587283160017778"
0-seed23-epochs1-bert-base-multilingual-cased-6,"0,8703926957360599"
1-seed47-epochs1-bert-base-multilingual-cased-6,"0,8936850186850186"
2-seed47-epochs1-bert-base-multilingual-cased-6,"0,8563028641488097"
3-seed47-epochs1-bert-base-multilingual-cased-6,"0,8649382178565058"
4-seed47-epochs1-bert-base-multilingual-cased-6,"0,8059862820136793"
5-seed47-epochs1-bert-base-multilingual-cased-6,"0,9003822341447202"
6-seed47-epochs1-bert-base-multilingual-cased-6,"0,8799884790450827"
7-seed47-epochs1-bert-base-multilingual-cased-6,"0,860959777210134"
8-seed47-epochs1-bert-base-multilingual-cased-6,"0,8836972089278996"
9-seed47-epochs1-bert-base-multilingual-cased-6,"0,874518061900841"
10-seed47-epochs1-bert-base-multilingual-cased-6,"0,8693741317979411"
0-seed47-epochs1-bert-base-multilingual-cased-6,"0,8689832275730632"
1-seed62-epochs1-bert-base-multilingual-cased-6,"0,8763229510348277"
2-seed62-epochs1-bert-base-multilingual-cased-6,"0,8579996561022866"
3-seed62-epochs1-bert-base-multilingual-cased-6,"0,8433937746840973"
4-seed62-epochs1-bert-base-multilingual-cased-6,"0,835459580449094"
5-seed62-epochs1-bert-base-multilingual-cased-6,"0,8814188857254134"
6-seed62-epochs1-bert-base-multilingual-cased-6,"0,8615621303555762"
7-seed62-epochs1-bert-base-multilingual-cased-6,"0,8593918237055492"
8-seed62-epochs1-bert-base-multilingual-cased-6,"0,8462279328902621"
9-seed62-epochs1-bert-base-multilingual-cased-6,"0,92004576004576"
10-seed62-epochs1-bert-base-multilingual-cased-6,"0,8792546516067276"
0-seed62-epochs1-bert-base-multilingual-cased-6,"0,8661077146599594"
0-mean-epochs1-bert-base-multilingual-cased-6,"0,8621292685048694"
1-seed11-epochs1-bert-base-multilingual-cased-2,"0,9221754257462003"
2-seed11-epochs1-bert-base-multilingual-cased-2,"0,8921805122645344"
3-seed11-epochs1-bert-base-multilingual-cased-2,"0,9338464199239018"
4-seed11-epochs1-bert-base-multilingual-cased-2,"0,9236718080548415"
5-seed11-epochs1-bert-base-multilingual-cased-2,"0,9092529862720629"
6-seed11-epochs1-bert-base-multilingual-cased-2,"0,9106782486619287"
7-seed11-epochs1-bert-base-multilingual-cased-2,"0,918219794344473"
8-seed11-epochs1-bert-base-multilingual-cased-2,"0,9102997484740223"
9-seed11-epochs1-bert-base-multilingual-cased-2,"0,9045624999999999"
10-seed11-epochs1-bert-base-multilingual-cased-2,"0,8958090928679164"
0-seed11-epochs1-bert-base-multilingual-cased-2,"0,9120696536609882"
1-seed17-epochs1-bert-base-multilingual-cased-2,"0,922960323785414"
2-seed17-epochs1-bert-base-multilingual-cased-2,"0,8951730727566649"
3-seed17-epochs1-bert-base-multilingual-cased-2,"0,922820823244552"
4-seed17-epochs1-bert-base-multilingual-cased-2,"0,9043135443466304"
5-seed17-epochs1-bert-base-multilingual-cased-2,"0,9102997484740223"
6-seed17-epochs1-bert-base-multilingual-cased-2,"0,9188050407872517"
7-seed17-epochs1-bert-base-multilingual-cased-2,"0,9026944638197836"
8-seed17-epochs1-bert-base-multilingual-cased-2,"0,9207169367443508"
9-seed17-epochs1-bert-base-multilingual-cased-2,"0,918219794344473"
10-seed17-epochs1-bert-base-multilingual-cased-2,"0,8927535292306197"
0-seed17-epochs1-bert-base-multilingual-cased-2,"0,9108757277533762"
1-seed23-epochs1-bert-base-multilingual-cased-2,"0,9094308875146248"
2-seed23-epochs1-bert-base-multilingual-cased-2,"0,9013518450858604"
3-seed23-epochs1-bert-base-multilingual-cased-2,"0,9283336215842268"
4-seed23-epochs1-bert-base-multilingual-cased-2,"0,918219794344473"
5-seed23-epochs1-bert-base-multilingual-cased-2,"0,907605736068252"
6-seed23-epochs1-bert-base-multilingual-cased-2,"0,9241075232171765"
7-seed23-epochs1-bert-base-multilingual-cased-2,"0,9127677806341046"
8-seed23-epochs1-bert-base-multilingual-cased-2,"0,9207169367443508"
9-seed23-epochs1-bert-base-multilingual-cased-2,"0,8988457468807236"
10-seed23-epochs1-bert-base-multilingual-cased-2,"0,8975833439234127"
0-seed23-epochs1-bert-base-multilingual-cased-2,"0,9118963215997207"
1-seed47-epochs1-bert-base-multilingual-cased-2,"0,9065107290068141"
2-seed47-epochs1-bert-base-multilingual-cased-2,"0,885576923076923"
3-seed47-epochs1-bert-base-multilingual-cased-2,"0,917195217120321"
4-seed47-epochs1-bert-base-multilingual-cased-2,"0,9274335348628455"
5-seed47-epochs1-bert-base-multilingual-cased-2,"0,8994269907132978"
6-seed47-epochs1-bert-base-multilingual-cased-2,"0,9253118121790169"
7-seed47-epochs1-bert-base-multilingual-cased-2,"0,9132657408196303"
8-seed47-epochs1-bert-base-multilingual-cased-2,"0,9157361273543845"
9-seed47-epochs1-bert-base-multilingual-cased-2,"0,9073157669237362"
10-seed47-epochs1-bert-base-multilingual-cased-2,"0,8921170620363577"
0-seed47-epochs1-bert-base-multilingual-cased-2,"0,9089889904093328"
1-seed62-epochs1-bert-base-multilingual-cased-2,"0,9041032926625439"
2-seed62-epochs1-bert-base-multilingual-cased-2,"0,8708722732669034"
3-seed62-epochs1-bert-base-multilingual-cased-2,"0,9203000468823254"
4-seed62-epochs1-bert-base-multilingual-cased-2,"0,9295284144159495"
5-seed62-epochs1-bert-base-multilingual-cased-2,"0,9056667538810396"
6-seed62-epochs1-bert-base-multilingual-cased-2,"0,9157361273543845"
7-seed62-epochs1-bert-base-multilingual-cased-2,"0,918219794344473"
8-seed62-epochs1-bert-base-multilingual-cased-2,"0,9088735835544883"
9-seed62-epochs1-bert-base-multilingual-cased-2,"0,9005570662935289"
10-seed62-epochs1-bert-base-multilingual-cased-2,"0,9087144371076873"
0-seed62-epochs1-bert-base-multilingual-cased-2,"0,9082571789763325"
0-mean-epochs1-bert-base-multilingual-cased-2,"0,9086230846928327"
1-seed47-epochs3-bert-base-multilingual-cased-8,"0,8458094441754287"
2-seed47-epochs3-bert-base-multilingual-cased-8,"0,8774969048235137"
3-seed47-epochs3-bert-base-multilingual-cased-8,"0,8602354928807332"
4-seed47-epochs3-bert-base-multilingual-cased-8,"0,8480209628516536"
5-seed47-epochs3-bert-base-multilingual-cased-8,"0,8387729532284869"
6-seed47-epochs3-bert-base-multilingual-cased-8,"0,8627842309708895"
7-seed47-epochs3-bert-base-multilingual-cased-8,"0,903965611946751"
8-seed47-epochs3-bert-base-multilingual-cased-8,"0,8592396081728371"
9-seed47-epochs3-bert-base-multilingual-cased-8,"0,8402952603597882"
10-seed47-epochs3-bert-base-multilingual-cased-8,"0,8391177393491527"
0-seed47-epochs3-bert-base-multilingual-cased-8,"0,8575738208759234"
1-seed62-epochs3-bert-base-multilingual-cased-8,"0,8314621736701102"
2-seed62-epochs3-bert-base-multilingual-cased-8,"0,8767902978890971"
3-seed62-epochs3-bert-base-multilingual-cased-8,"0,8485519717142472"
4-seed62-epochs3-bert-base-multilingual-cased-8,"0,8688462438555231"
5-seed62-epochs3-bert-base-multilingual-cased-8,"0,8666227147098141"
6-seed62-epochs3-bert-base-multilingual-cased-8,"0,8515335524576053"
7-seed62-epochs3-bert-base-multilingual-cased-8,"0,8980332809656759"
8-seed62-epochs3-bert-base-multilingual-cased-8,"0,8358177608392754"
9-seed62-epochs3-bert-base-multilingual-cased-8,"0,8183245521532878"
10-seed62-epochs3-bert-base-multilingual-cased-8,"0,871133659217272"
0-seed62-epochs3-bert-base-multilingual-cased-8,"0,8567116207471909"
0-mean-epochs3-bert-base-multilingual-cased-8,"0,8571427208115572"
1-seed47-epochs3-bert-base-multilingual-cased-6,"0,9182863929295689"
2-seed47-epochs3-bert-base-multilingual-cased-6,"0,8673232396205953"
3-seed47-epochs3-bert-base-multilingual-cased-6,"0,9043253788658535"
4-seed47-epochs3-bert-base-multilingual-cased-6,"0,9146963669120093"
5-seed47-epochs3-bert-base-multilingual-cased-6,"0,9122261634507911"
6-seed47-epochs3-bert-base-multilingual-cased-6,"0,9054796094548854"
7-seed47-epochs3-bert-base-multilingual-cased-6,"0,9009038746737645"
8-seed47-epochs3-bert-base-multilingual-cased-6,"0,9028607970695669"
9-seed47-epochs3-bert-base-multilingual-cased-6,"0,9040958686295474"
10-seed47-epochs3-bert-base-multilingual-cased-6,"0,8893427492375304"
0-seed47-epochs3-bert-base-multilingual-cased-6,"0,9019540440844113"
1-seed62-epochs3-bert-base-multilingual-cased-6,"0,9216422969673945"
2-seed62-epochs3-bert-base-multilingual-cased-6,"0,8982696293174947"
3-seed62-epochs3-bert-base-multilingual-cased-6,"0,8750467602847981"
4-seed62-epochs3-bert-base-multilingual-cased-6,"0,8997038868853573"
5-seed62-epochs3-bert-base-multilingual-cased-6,"0,8904319438406936"
6-seed62-epochs3-bert-base-multilingual-cased-6,"0,9118594941317602"
7-seed62-epochs3-bert-base-multilingual-cased-6,"0,9050777746079571"
8-seed62-epochs3-bert-base-multilingual-cased-6,"0,8878486607470278"
9-seed62-epochs3-bert-base-multilingual-cased-6,"0,9169131120523136"
10-seed62-epochs3-bert-base-multilingual-cased-6,"0,9021010934942825"
0-seed62-epochs3-bert-base-multilingual-cased-6,"0,9008894652329079"
0-mean-epochs3-bert-base-multilingual-cased-6,"0,9014217546586596"
---
1-seed47-epochs3-bert-base-multilingual-cased-2,"0,9213626364589543"
2-seed47-epochs3-bert-base-multilingual-cased-2,"0,90437107238333"
3-seed47-epochs3-bert-base-multilingual-cased-2,"0,9364155844155844"
4-seed47-epochs3-bert-base-multilingual-cased-2,"0,9220582411489822"
5-seed47-epochs3-bert-base-multilingual-cased-2,"0,9224888020710261"
6-seed47-epochs3-bert-base-multilingual-cased-2,"0,9312522623273201"
7-seed47-epochs3-bert-base-multilingual-cased-2,"0,9261847342102577"
8-seed47-epochs3-bert-base-multilingual-cased-2,"0,9274335348628455"
---

1-seed11-epochs3-bert-base-multilingual-cased-8,"0,8522408031690656"
2-seed11-epochs3-bert-base-multilingual-cased-8,"0,8708244741945563"
3-seed11-epochs3-bert-base-multilingual-cased-8,"0,8698843209226363"
4-seed11-epochs3-bert-base-multilingual-cased-8,"0,8597002132325408"
5-seed11-epochs3-bert-base-multilingual-cased-8,"0,8657914811223635"
6-seed11-epochs3-bert-base-multilingual-cased-8,"0,8600762587219651"
7-seed11-epochs3-bert-base-multilingual-cased-8,"0,8936411697251198"
8-seed11-epochs3-bert-base-multilingual-cased-8,"0,8569489035249905"
9-seed11-epochs3-bert-base-multilingual-cased-8,"0,81946080697215"
10-seed11-epochs3-bert-base-multilingual-cased-8,"0,8706628723948282"
0-seed11-epochs3-bert-base-multilingual-cased-8,"0,8619231303980216"
1-seed17-epochs3-bert-base-multilingual-cased-8,"0,8589776895630709"
2-seed17-epochs3-bert-base-multilingual-cased-8,"0,8956137682600948"
3-seed17-epochs3-bert-base-multilingual-cased-8,"0,8432384845124239"
4-seed17-epochs3-bert-base-multilingual-cased-8,"0,8499242892696341"
5-seed17-epochs3-bert-base-multilingual-cased-8,"0,8670432889586785"
6-seed17-epochs3-bert-base-multilingual-cased-8,"0,840983409709264"
7-seed17-epochs3-bert-base-multilingual-cased-8,"0,8952924058102902"
8-seed17-epochs3-bert-base-multilingual-cased-8,"0,8486632887130445"
9-seed17-epochs3-bert-base-multilingual-cased-8,"0,839096826394981"
10-seed17-epochs3-bert-base-multilingual-cased-8,"0,8572124270537651"
0-seed17-epochs3-bert-base-multilingual-cased-8,"0,8596045878245248"
1-seed23-epochs3-bert-base-multilingual-cased-8,"0,8261762809513888"
2-seed23-epochs3-bert-base-multilingual-cased-8,"0,8909232989197944"
3-seed23-epochs3-bert-base-multilingual-cased-8,"0,8788833715304303"
4-seed23-epochs3-bert-base-multilingual-cased-8,"0,8493574352708795"
5-seed23-epochs3-bert-base-multilingual-cased-8,"0,8579978364868032"
6-seed23-epochs3-bert-base-multilingual-cased-8,"0,8579080874126273"
7-seed23-epochs3-bert-base-multilingual-cased-8,"0,8963164769917247"
8-seed23-epochs3-bert-base-multilingual-cased-8,"0,8534152763426454"
9-seed23-epochs3-bert-base-multilingual-cased-8,"0,825709580028375"
10-seed23-epochs3-bert-base-multilingual-cased-8,"0,8479057262907272"
0-seed23-epochs3-bert-base-multilingual-cased-8,"0,8584593370225397"
0-mean-epochs3-bert-base-multilingual-cased-8,"0,8599956850816953"
1-seed11-epochs3-bert-base-multilingual-cased-6,"0,9270056049717067"
2-seed11-epochs3-bert-base-multilingual-cased-6,"0,9177239381432578"
3-seed11-epochs3-bert-base-multilingual-cased-6,"0,9224928812402976"
4-seed11-epochs3-bert-base-multilingual-cased-6,"0,8956615622887222"
5-seed11-epochs3-bert-base-multilingual-cased-6,"0,9079205073022085"
6-seed11-epochs3-bert-base-multilingual-cased-6,"0,9186336089712115"
7-seed11-epochs3-bert-base-multilingual-cased-6,"0,927535633515015"
8-seed11-epochs3-bert-base-multilingual-cased-6,"0,8932406117617385"
9-seed11-epochs3-bert-base-multilingual-cased-6,"0,9155789281141393"
10-seed11-epochs3-bert-base-multilingual-cased-6,"0,8988811051593432"
0-seed11-epochs3-bert-base-multilingual-cased-6,"0,9124674381467642"
1-seed17-epochs3-bert-base-multilingual-cased-6,"0,9255958611201143"
2-seed17-epochs3-bert-base-multilingual-cased-6,"0,8822432319330183"
3-seed17-epochs3-bert-base-multilingual-cased-6,"0,9048258212610994"
4-seed17-epochs3-bert-base-multilingual-cased-6,"0,9067854323063562"
5-seed17-epochs3-bert-base-multilingual-cased-6,"0,8949417563426173"
6-seed17-epochs3-bert-base-multilingual-cased-6,"0,9079368587222221"
7-seed17-epochs3-bert-base-multilingual-cased-6,"0,9117324508630245"
8-seed17-epochs3-bert-base-multilingual-cased-6,"0,8837349267741926"
9-seed17-epochs3-bert-base-multilingual-cased-6,"0,9096278343735972"
10-seed17-epochs3-bert-base-multilingual-cased-6,"0,9116994850960638"
0-seed17-epochs3-bert-base-multilingual-cased-6,"0,9039123658792306"
1-seed23-epochs3-bert-base-multilingual-cased-6,"0,8997858449865536"
2-seed23-epochs3-bert-base-multilingual-cased-6,"0,8890304284273155"
3-seed23-epochs3-bert-base-multilingual-cased-6,"0,915887909885091"
4-seed23-epochs3-bert-base-multilingual-cased-6,"0,9007580433842582"
5-seed23-epochs3-bert-base-multilingual-cased-6,"0,8956861639433482"
6-seed23-epochs3-bert-base-multilingual-cased-6,"0,919206268262872"
7-seed23-epochs3-bert-base-multilingual-cased-6,"0,9093314583880621"
8-seed23-epochs3-bert-base-multilingual-cased-6,"0,9005432834620996"
9-seed23-epochs3-bert-base-multilingual-cased-6,"0,8954892484304248"
10-seed23-epochs3-bert-base-multilingual-cased-6,"0,9151112504512775"
0-seed23-epochs3-bert-base-multilingual-cased-6,"0,9040829899621302"
0-mean-epochs3-bert-base-multilingual-cased-6,"0,906820931329375"
1-seed11-epochs3-bert-base-multilingual-cased-2,"0,9150424787606197"
2-seed11-epochs3-bert-base-multilingual-cased-2,"0,9013518450858604"
3-seed11-epochs3-bert-base-multilingual-cased-2,"0,9185265729112451"
4-seed11-epochs3-bert-base-multilingual-cased-2,"0,9191447452026941"
5-seed11-epochs3-bert-base-multilingual-cased-2,"0,9249547158684022"
6-seed11-epochs3-bert-base-multilingual-cased-2,"0,9113076537212557"
7-seed11-epochs3-bert-base-multilingual-cased-2,"0,9172590922883523"
8-seed11-epochs3-bert-base-multilingual-cased-2,"0,9142339609924597"
9-seed11-epochs3-bert-base-multilingual-cased-2,"0,925366568914956"
10-seed11-epochs3-bert-base-multilingual-cased-2,"0,9216195406876411"
0-seed11-epochs3-bert-base-multilingual-cased-2,"0,9168807174433485"
1-seed17-epochs3-bert-base-multilingual-cased-2,"0,8993246753246753"
2-seed17-epochs3-bert-base-multilingual-cased-2,"0,8746794871794872"
3-seed17-epochs3-bert-base-multilingual-cased-2,"0,9332219492905813"
4-seed17-epochs3-bert-base-multilingual-cased-2,"0,9381841222905721"
5-seed17-epochs3-bert-base-multilingual-cased-2,"0,9241075232171765"
6-seed17-epochs3-bert-base-multilingual-cased-2,"0,9413594470046083"
7-seed17-epochs3-bert-base-multilingual-cased-2,"0,9299254458423349"
8-seed17-epochs3-bert-base-multilingual-cased-2,"0,9162139917695473"
9-seed17-epochs3-bert-base-multilingual-cased-2,"0,9289932573820042"
10-seed17-epochs3-bert-base-multilingual-cased-2,"0,9191447452026941"
0-seed17-epochs3-bert-base-multilingual-cased-2,"0,9205154644503679"
1-seed23-epochs3-bert-base-multilingual-cased-2,"0,9213626364589543"
2-seed23-epochs3-bert-base-multilingual-cased-2,"0,899488119144131"
3-seed23-epochs3-bert-base-multilingual-cased-2,"0,9318476182644271"
4-seed23-epochs3-bert-base-multilingual-cased-2,"0,9229114115760833"
5-seed23-epochs3-bert-base-multilingual-cased-2,"0,9328088285767088"
6-seed23-epochs3-bert-base-multilingual-cased-2,"0,9306975282781735"
7-seed23-epochs3-bert-base-multilingual-cased-2,"0,9328088285767088"
8-seed23-epochs3-bert-base-multilingual-cased-2,"0,9224888020710261"
9-seed23-epochs3-bert-base-multilingual-cased-2,"0,9229114115760833"
10-seed23-epochs3-bert-base-multilingual-cased-2,"0,9227751528024621"
0-seed23-epochs3-bert-base-multilingual-cased-2,"0,9240100337324758"
1-seed47-epochs3-bert-base-multilingual-cased-2,"0,9213626364589543"
2-seed47-epochs3-bert-base-multilingual-cased-2,"0,90437107238333"
3-seed47-epochs3-bert-base-multilingual-cased-2,"0,9364155844155844"
4-seed47-epochs3-bert-base-multilingual-cased-2,"0,9220582411489822"
5-seed47-epochs3-bert-base-multilingual-cased-2,"0,9224888020710261"
6-seed47-epochs3-bert-base-multilingual-cased-2,"0,9312522623273201"
7-seed47-epochs3-bert-base-multilingual-cased-2,"0,9261847342102577"
8-seed47-epochs3-bert-base-multilingual-cased-2,"0,9274335348628455"
9-seed47-epochs3-bert-base-multilingual-cased-2,"0,9189011384370263"
10-seed47-epochs3-bert-base-multilingual-cased-2,"0,918219794344473"
0-seed47-epochs3-bert-base-multilingual-cased-2,"0,92286878006598"
1-seed62-epochs3-bert-base-multilingual-cased-2,"0,9304893008041434"
2-seed62-epochs3-bert-base-multilingual-cased-2,"0,8983253588516746"
3-seed62-epochs3-bert-base-multilingual-cased-2,"0,9335864860219087"
4-seed62-epochs3-bert-base-multilingual-cased-2,"0,9274335348628455"
5-seed62-epochs3-bert-base-multilingual-cased-2,"0,9167647828362114"
6-seed62-epochs3-bert-base-multilingual-cased-2,"0,9245350955225144"
7-seed62-epochs3-bert-base-multilingual-cased-2,"0,92046875"
8-seed62-epochs3-bert-base-multilingual-cased-2,"0,9117976023566849"
9-seed62-epochs3-bert-base-multilingual-cased-2,"0,9318031908315125"
10-seed62-epochs3-bert-base-multilingual-cased-2,"0,9108084428514536"
0-seed62-epochs3-bert-base-multilingual-cased-2,"0,9206012544938951"
0-mean-epochs3-bert-base-multilingual-cased-2,"0,9209752500372135"
1-seed11-epochs5-bert-base-multilingual-cased-8,"0,8391333069152618"
2-seed11-epochs5-bert-base-multilingual-cased-8,"0,8664141437830478"
3-seed11-epochs5-bert-base-multilingual-cased-8,"0,8769342119973789"
4-seed11-epochs5-bert-base-multilingual-cased-8,"0,8373984167693428"
5-seed11-epochs5-bert-base-multilingual-cased-8,"0,8452237309157888"
6-seed11-epochs5-bert-base-multilingual-cased-8,"0,8498819658931736"
7-seed11-epochs5-bert-base-multilingual-cased-8,"0,8896477333581174"
8-seed11-epochs5-bert-base-multilingual-cased-8,"0,839968049768882"
9-seed11-epochs5-bert-base-multilingual-cased-8,"0,8196048742980073"
10-seed11-epochs5-bert-base-multilingual-cased-8,"0,8538413841482895"
0-seed11-epochs5-bert-base-multilingual-cased-8,"0,851804781784729"
1-seed17-epochs5-bert-base-multilingual-cased-8,"0,8506461566709738"
2-seed17-epochs5-bert-base-multilingual-cased-8,"0,9020031828359123"
3-seed17-epochs5-bert-base-multilingual-cased-8,"0,8405522516658064"
4-seed17-epochs5-bert-base-multilingual-cased-8,"0,8296738053895827"
5-seed17-epochs5-bert-base-multilingual-cased-8,"0,8649182290725931"
6-seed17-epochs5-bert-base-multilingual-cased-8,"0,843946025806714"
7-seed17-epochs5-bert-base-multilingual-cased-8,"0,882057636774717"
8-seed17-epochs5-bert-base-multilingual-cased-8,"0,8526884599319298"
9-seed17-epochs5-bert-base-multilingual-cased-8,"0,8267655349166981"
10-seed17-epochs5-bert-base-multilingual-cased-8,"0,8677221016880297"
0-seed17-epochs5-bert-base-multilingual-cased-8,"0,8560973384752957"
1-seed23-epochs5-bert-base-multilingual-cased-8,"0,8384572942886117"
2-seed23-epochs5-bert-base-multilingual-cased-8,"0,8827935058453384"
3-seed23-epochs5-bert-base-multilingual-cased-8,"0,8673689636360431"
4-seed23-epochs5-bert-base-multilingual-cased-8,"0,8289387942213402"
5-seed23-epochs5-bert-base-multilingual-cased-8,"0,8652218256624673"
6-seed23-epochs5-bert-base-multilingual-cased-8,"0,8490909824424656"
7-seed23-epochs5-bert-base-multilingual-cased-8,"0,8751138298837142"
8-seed23-epochs5-bert-base-multilingual-cased-8,"0,8474627095443525"
9-seed23-epochs5-bert-base-multilingual-cased-8,"0,8380957751709917"
10-seed23-epochs5-bert-base-multilingual-cased-8,"0,8531243759452994"
0-seed23-epochs5-bert-base-multilingual-cased-8,"0,8545668056640624"
1-seed47-epochs5-bert-base-multilingual-cased-8,"0,8532592065043128"
2-seed47-epochs5-bert-base-multilingual-cased-8,"0,8773657152807902"
3-seed47-epochs5-bert-base-multilingual-cased-8,"0,8378932421914158"
4-seed47-epochs5-bert-base-multilingual-cased-8,"0,8558718037858267"
5-seed47-epochs5-bert-base-multilingual-cased-8,"0,84368101913522"
6-seed47-epochs5-bert-base-multilingual-cased-8,"0,8622563352542989"
7-seed47-epochs5-bert-base-multilingual-cased-8,"0,8960065511082341"
8-seed47-epochs5-bert-base-multilingual-cased-8,"0,8521966698397009"
9-seed47-epochs5-bert-base-multilingual-cased-8,"0,8244487368306872"
10-seed47-epochs5-bert-base-multilingual-cased-8,"0,8492131686406841"
0-seed47-epochs5-bert-base-multilingual-cased-8,"0,8552192448571171"
1-seed62-epochs5-bert-base-multilingual-cased-8,"0,8245502781106046"
2-seed62-epochs5-bert-base-multilingual-cased-8,"0,8904476619425277"
3-seed62-epochs5-bert-base-multilingual-cased-8,"0,8527007328049006"
4-seed62-epochs5-bert-base-multilingual-cased-8,"0,8599659334096775"
5-seed62-epochs5-bert-base-multilingual-cased-8,"0,8529198494285555"
6-seed62-epochs5-bert-base-multilingual-cased-8,"0,859326502079476"
7-seed62-epochs5-bert-base-multilingual-cased-8,"0,8816759629142216"
8-seed62-epochs5-bert-base-multilingual-cased-8,"0,8447384425284266"
9-seed62-epochs5-bert-base-multilingual-cased-8,"0,8468833993999796"
10-seed62-epochs5-bert-base-multilingual-cased-8,"0,8463034138192655"
0-seed62-epochs5-bert-base-multilingual-cased-8,"0,8559512176437636"
0-mean-epochs5-bert-base-multilingual-cased-8,"0,8547278776849936"
1-seed11-epochs5-bert-base-multilingual-cased-6,"0,9131727646349678"
2-seed11-epochs5-bert-base-multilingual-cased-6,"0,8881917631917632"
3-seed11-epochs5-bert-base-multilingual-cased-6,"0,8983923244285937"
4-seed11-epochs5-bert-base-multilingual-cased-6,"0,9004775312358587"
5-seed11-epochs5-bert-base-multilingual-cased-6,"0,8998470652794529"
6-seed11-epochs5-bert-base-multilingual-cased-6,"0,9212783011568226"
7-seed11-epochs5-bert-base-multilingual-cased-6,"0,9141699107805591"
8-seed11-epochs5-bert-base-multilingual-cased-6,"0,8868689643088542"
9-seed11-epochs5-bert-base-multilingual-cased-6,"0,9115702529682793"
10-seed11-epochs5-bert-base-multilingual-cased-6,"0,922323213753672"
0-seed11-epochs5-bert-base-multilingual-cased-6,"0,9056292091738822"
1-seed17-epochs5-bert-base-multilingual-cased-6,"0,8904466222383752"
2-seed17-epochs5-bert-base-multilingual-cased-6,"0,889376872946444"
3-seed17-epochs5-bert-base-multilingual-cased-6,"0,9179460795026833"
4-seed17-epochs5-bert-base-multilingual-cased-6,"0,8874273145599189"
5-seed17-epochs5-bert-base-multilingual-cased-6,"0,9062626074188023"
6-seed17-epochs5-bert-base-multilingual-cased-6,"0,9248183964721615"
7-seed17-epochs5-bert-base-multilingual-cased-6,"0,8975868096801051"
8-seed17-epochs5-bert-base-multilingual-cased-6,"0,8922795898148012"
9-seed17-epochs5-bert-base-multilingual-cased-6,"0,9164927308100145"
10-seed17-epochs5-bert-base-multilingual-cased-6,"0,9197622457339264"
0-seed17-epochs5-bert-base-multilingual-cased-6,"0,9042399269177231"
1-seed23-epochs5-bert-base-multilingual-cased-6,"0,9186856736467631"
2-seed23-epochs5-bert-base-multilingual-cased-6,"0,8740188146513858"
3-seed23-epochs5-bert-base-multilingual-cased-6,"0,8887902775104731"
4-seed23-epochs5-bert-base-multilingual-cased-6,"0,9109881486119916"
5-seed23-epochs5-bert-base-multilingual-cased-6,"0,8999648638695078"
6-seed23-epochs5-bert-base-multilingual-cased-6,"0,926867420256482"
7-seed23-epochs5-bert-base-multilingual-cased-6,"0,9265882794009591"
8-seed23-epochs5-bert-base-multilingual-cased-6,"0,8837650161179574"
9-seed23-epochs5-bert-base-multilingual-cased-6,"0,9027506119611383"
10-seed23-epochs5-bert-base-multilingual-cased-6,"0,9229296217601708"
0-seed23-epochs5-bert-base-multilingual-cased-6,"0,9055348727786828"
1-seed47-epochs5-bert-base-multilingual-cased-6,"0,9244384022640902"
2-seed47-epochs5-bert-base-multilingual-cased-6,"0,8812458325152693"
3-seed47-epochs5-bert-base-multilingual-cased-6,"0,9373589760929991"
4-seed47-epochs5-bert-base-multilingual-cased-6,"0,8926114084524203"
5-seed47-epochs5-bert-base-multilingual-cased-6,"0,8942885621948692"
6-seed47-epochs5-bert-base-multilingual-cased-6,"0,9214337457605756"
7-seed47-epochs5-bert-base-multilingual-cased-6,"0,9134892754611065"
8-seed47-epochs5-bert-base-multilingual-cased-6,"0,8957357019388067"
9-seed47-epochs5-bert-base-multilingual-cased-6,"0,901746996409233"
10-seed47-epochs5-bert-base-multilingual-cased-6,"0,9028419360023819"
0-seed47-epochs5-bert-base-multilingual-cased-6,"0,9065190837091752"
1-seed62-epochs5-bert-base-multilingual-cased-6,"0,9294211763813828"
2-seed62-epochs5-bert-base-multilingual-cased-6,"0,8799367205945184"
3-seed62-epochs5-bert-base-multilingual-cased-6,"0,905926409620149"
4-seed62-epochs5-bert-base-multilingual-cased-6,"0,9131280114569184"
5-seed62-epochs5-bert-base-multilingual-cased-6,"0,9200767359147957"
6-seed62-epochs5-bert-base-multilingual-cased-6,"0,9247361758077335"
7-seed62-epochs5-bert-base-multilingual-cased-6,"0,9177599525696483"
8-seed62-epochs5-bert-base-multilingual-cased-6,"0,901101097802747"
9-seed62-epochs5-bert-base-multilingual-cased-6,"0,9254672495136681"
10-seed62-epochs5-bert-base-multilingual-cased-6,"0,8982189205342973"
0-seed62-epochs5-bert-base-multilingual-cased-6,"0,9115772450195859"
0-mean-epochs5-bert-base-multilingual-cased-6,"0,90670006751981"
1-seed11-epochs5-bert-base-multilingual-cased-2,"0,9189542483660129"
2-seed11-epochs5-bert-base-multilingual-cased-2,"0,9049211937849887"
3-seed11-epochs5-bert-base-multilingual-cased-2,"0,9401808344085145"
4-seed11-epochs5-bert-base-multilingual-cased-2,"0,9356754707443448"
5-seed11-epochs5-bert-base-multilingual-cased-2,"0,9216195406876411"
6-seed11-epochs5-bert-base-multilingual-cased-2,"0,9270250896057348"
7-seed11-epochs5-bert-base-multilingual-cased-2,"0,9407061464819757"
8-seed11-epochs5-bert-base-multilingual-cased-2,"0,8992604166666667"
9-seed11-epochs5-bert-base-multilingual-cased-2,"0,9265572824339365"
10-seed11-epochs5-bert-base-multilingual-cased-2,"0,9177440206851972"
0-seed11-epochs5-bert-base-multilingual-cased-2,"0,9232644243865012"
1-seed17-epochs5-bert-base-multilingual-cased-2,"0,928659872862257"
2-seed17-epochs5-bert-base-multilingual-cased-2,"0,897066009475451"
3-seed17-epochs5-bert-base-multilingual-cased-2,"0,9221754257462003"
4-seed17-epochs5-bert-base-multilingual-cased-2,"0,9236718080548415"
5-seed17-epochs5-bert-base-multilingual-cased-2,"0,9078448496208571"
6-seed17-epochs5-bert-base-multilingual-cased-2,"0,943241736360016"
7-seed17-epochs5-bert-base-multilingual-cased-2,"0,9180384069978236"
8-seed17-epochs5-bert-base-multilingual-cased-2,"0,8992604166666667"
9-seed17-epochs5-bert-base-multilingual-cased-2,"0,9286140964174592"
10-seed17-epochs5-bert-base-multilingual-cased-2,"0,9137543948828737"
0-seed17-epochs5-bert-base-multilingual-cased-2,"0,9182327017084446"
1-seed23-epochs5-bert-base-multilingual-cased-2,"0,9141725015426511"
2-seed23-epochs5-bert-base-multilingual-cased-2,"0,9093069499005773"
3-seed23-epochs5-bert-base-multilingual-cased-2,"0,9426333442408379"
4-seed23-epochs5-bert-base-multilingual-cased-2,"0,919594338430431"
5-seed23-epochs5-bert-base-multilingual-cased-2,"0,9122785028279569"
6-seed23-epochs5-bert-base-multilingual-cased-2,"0,9403701968134958"
7-seed23-epochs5-bert-base-multilingual-cased-2,"0,9236718080548415"
8-seed23-epochs5-bert-base-multilingual-cased-2,"0,9040427314620862"
9-seed23-epochs5-bert-base-multilingual-cased-2,"0,9257708333333333"
10-seed23-epochs5-bert-base-multilingual-cased-2,"0,9132657408196303"
0-seed23-epochs5-bert-base-multilingual-cased-2,"0,9205106947425842"
1-seed47-epochs5-bert-base-multilingual-cased-2,"0,9103425066929194"
2-seed47-epochs5-bert-base-multilingual-cased-2,"0,9019230769230769"
3-seed47-epochs5-bert-base-multilingual-cased-2,"0,9401808344085145"
4-seed47-epochs5-bert-base-multilingual-cased-2,"0,9349493056147227"
5-seed47-epochs5-bert-base-multilingual-cased-2,"0,9142339609924597"
6-seed47-epochs5-bert-base-multilingual-cased-2,"0,9353157961621552"
7-seed47-epochs5-bert-base-multilingual-cased-2,"0,9223137973137974"
8-seed47-epochs5-bert-base-multilingual-cased-2,"0,9160654656387847"
9-seed47-epochs5-bert-base-multilingual-cased-2,"0,9261676820423556"
10-seed47-epochs5-bert-base-multilingual-cased-2,"0,9011064026423437"
0-seed47-epochs5-bert-base-multilingual-cased-2,"0,9202598828431128"
1-seed62-epochs5-bert-base-multilingual-cased-2,"0,9117988158456937"
2-seed62-epochs5-bert-base-multilingual-cased-2,"0,8897440332065029"
3-seed62-epochs5-bert-base-multilingual-cased-2,"0,9294117647058824"
4-seed62-epochs5-bert-base-multilingual-cased-2,"0,9295284144159495"
5-seed62-epochs5-bert-base-multilingual-cased-2,"0,9270250896057348"
6-seed62-epochs5-bert-base-multilingual-cased-2,"0,9489347097182987"
7-seed62-epochs5-bert-base-multilingual-cased-2,"0,9306975282781735"
8-seed62-epochs5-bert-base-multilingual-cased-2,"0,9171432022138555"
9-seed62-epochs5-bert-base-multilingual-cased-2,"0,9310729166666667"
10-seed62-epochs5-bert-base-multilingual-cased-2,"0,9236718080548415"
0-seed62-epochs5-bert-base-multilingual-cased-2,"0,9239028282711599"
0-mean-epochs5-bert-base-multilingual-cased-2,"0,9212341063903606"
1-seed11-epochs1-xlm-roberta-base-8,"0,6284695421589548"
2-seed11-epochs1-xlm-roberta-base-8,"0,5880691942674429"
3-seed11-epochs1-xlm-roberta-base-8,"0,5520614663061952"
4-seed11-epochs1-xlm-roberta-base-8,"0,5946023587906384"
5-seed11-epochs1-xlm-roberta-base-8,"0,5519038010753127"
6-seed11-epochs1-xlm-roberta-base-8,"0,6503556424528789"
7-seed11-epochs1-xlm-roberta-base-8,"0,2274822636528626"
8-seed11-epochs1-xlm-roberta-base-8,"0,5791259026527095"
9-seed11-epochs1-xlm-roberta-base-8,"0,6351682271868186"
10-seed11-epochs1-xlm-roberta-base-8,"0,7138157052521006"
0-seed11-epochs1-xlm-roberta-base-8,"0,5721054103795914"
1-seed17-epochs1-xlm-roberta-base-8,"0,20488408515838125"
2-seed17-epochs1-xlm-roberta-base-8,"0,48170341005391054"
3-seed17-epochs1-xlm-roberta-base-8,"0,5669207629036106"
4-seed17-epochs1-xlm-roberta-base-8,"0,5963820807946744"
5-seed17-epochs1-xlm-roberta-base-8,"0,6768992229361745"
6-seed17-epochs1-xlm-roberta-base-8,"0,6034912201427964"
7-seed17-epochs1-xlm-roberta-base-8,"0,6700712243568878"
8-seed17-epochs1-xlm-roberta-base-8,"0,5771460410702762"
9-seed17-epochs1-xlm-roberta-base-8,"0,600403154402499"
10-seed17-epochs1-xlm-roberta-base-8,"0,7235986969166242"
0-seed17-epochs1-xlm-roberta-base-8,"0,5701499898735835"
1-seed23-epochs1-xlm-roberta-base-8,"0,6848288769740469"
2-seed23-epochs1-xlm-roberta-base-8,"0,2039239482200647"
3-seed23-epochs1-xlm-roberta-base-8,"0,6118162683893404"
4-seed23-epochs1-xlm-roberta-base-8,"0,41602349367321856"
5-seed23-epochs1-xlm-roberta-base-8,"0,6299296387376883"
6-seed23-epochs1-xlm-roberta-base-8,"0,5917732170531546"
7-seed23-epochs1-xlm-roberta-base-8,"0,5779979243482436"
8-seed23-epochs1-xlm-roberta-base-8,"0,6328902105948215"
9-seed23-epochs1-xlm-roberta-base-8,"0,6074635068392876"
10-seed23-epochs1-xlm-roberta-base-8,"0,6013765631043928"
0-seed23-epochs1-xlm-roberta-base-8,"0,5558023647934258"
---
1-seed47-epochs1-xlm-roberta-base-8,"0,6465875266648118"
2-seed47-epochs1-xlm-roberta-base-8,"0,7507032222403331"
3-seed47-epochs1-xlm-roberta-base-8,"0,5994426317632071"
---
1-seed47-epochs1-xlm-roberta-base-8,"0,6465875266648118"
2-seed47-epochs1-xlm-roberta-base-8,"0,7507032222403331"
3-seed47-epochs1-xlm-roberta-base-8,"0,5994426317632071"
4-seed47-epochs1-xlm-roberta-base-8,"0,14754656555989104"
5-seed47-epochs1-xlm-roberta-base-8,"0,7468524997592619"
6-seed47-epochs1-xlm-roberta-base-8,"0,08167989417989417"
7-seed47-epochs1-xlm-roberta-base-8,"0,7306710514399288"
8-seed47-epochs1-xlm-roberta-base-8,"0,33431211982592246"
9-seed47-epochs1-xlm-roberta-base-8,"0,6434991422971674"
10-seed47-epochs1-xlm-roberta-base-8,"0,6726180155821522"
0-seed47-epochs1-xlm-roberta-base-8,"0,535391266931257"
1-seed62-epochs1-xlm-roberta-base-8,"0,624149838887126"
2-seed62-epochs1-xlm-roberta-base-8,"0,34287064194052497"
3-seed62-epochs1-xlm-roberta-base-8,"0,6467977352129881"
4-seed62-epochs1-xlm-roberta-base-8,"0,6447558242745682"
5-seed62-epochs1-xlm-roberta-base-8,"0,6373900638143352"
6-seed62-epochs1-xlm-roberta-base-8,"0,618939547804009"
7-seed62-epochs1-xlm-roberta-base-8,"0,6492842173821451"
8-seed62-epochs1-xlm-roberta-base-8,"0,578819574025091"
9-seed62-epochs1-xlm-roberta-base-8,"0,6377401177937251"
10-seed62-epochs1-xlm-roberta-base-8,"0,25203187783910547"
0-seed62-epochs1-xlm-roberta-base-8,"0,5632779438973617"
0-mean-epochs1-xlm-roberta-base-8,"0,5493346054143093"
---
1-seed11-epochs1-xlm-roberta-base-6,"0,5328380255012342"
2-seed11-epochs1-xlm-roberta-base-6,"0,36643726337896015"
3-seed11-epochs1-xlm-roberta-base-6,"0,630567506157226"
4-seed11-epochs1-xlm-roberta-base-6,"0,660920647615458"
5-seed11-epochs1-xlm-roberta-base-6,"0,5444606390217078"
---
1-seed11-epochs1-xlm-roberta-base-6,"0,5328380255012342"
2-seed11-epochs1-xlm-roberta-base-6,"0,36643726337896015"
3-seed11-epochs1-xlm-roberta-base-6,"0,630567506157226"
4-seed11-epochs1-xlm-roberta-base-6,"0,660920647615458"
5-seed11-epochs1-xlm-roberta-base-6,"0,5444606390217078"
6-seed11-epochs1-xlm-roberta-base-6,"0,7123491637562632"
7-seed11-epochs1-xlm-roberta-base-6,"0,2615841560911471"
8-seed11-epochs1-xlm-roberta-base-6,"0,31332588973038417"
9-seed11-epochs1-xlm-roberta-base-6,"0,36942880570771625"
10-seed11-epochs1-xlm-roberta-base-6,"0,5856734994812081"
0-seed11-epochs1-xlm-roberta-base-6,"0,49775855964413057"
1-seed17-epochs1-xlm-roberta-base-6,"0,6500232049465037"
2-seed17-epochs1-xlm-roberta-base-6,"0,4342757125236136"
3-seed17-epochs1-xlm-roberta-base-6,"0,6344523662364264"
4-seed17-epochs1-xlm-roberta-base-6,"0,3672294745353377"
5-seed17-epochs1-xlm-roberta-base-6,"0,7777339741435325"
6-seed17-epochs1-xlm-roberta-base-6,"0,2593240897588724"
7-seed17-epochs1-xlm-roberta-base-6,"0,24761613899351861"
8-seed17-epochs1-xlm-roberta-base-6,"0,5202831219274362"
9-seed17-epochs1-xlm-roberta-base-6,"0,38996836390064554"
10-seed17-epochs1-xlm-roberta-base-6,"0,6172006683660402"
0-seed17-epochs1-xlm-roberta-base-6,"0,48981071153319267"
1-seed23-epochs1-xlm-roberta-base-6,"0,27990599154903834"
2-seed23-epochs1-xlm-roberta-base-6,"0,7276096630122241"
3-seed23-epochs1-xlm-roberta-base-6,"0,6685373216023393"
4-seed23-epochs1-xlm-roberta-base-6,"0,6235770529679506"
5-seed23-epochs1-xlm-roberta-base-6,"0,6613138986679842"
6-seed23-epochs1-xlm-roberta-base-6,"0,6277430972388955"
7-seed23-epochs1-xlm-roberta-base-6,"0,6171832402071241"
8-seed23-epochs1-xlm-roberta-base-6,"0,24006442671461214"
9-seed23-epochs1-xlm-roberta-base-6,"0,749580546466538"
10-seed23-epochs1-xlm-roberta-base-6,"0,4237476546636852"
0-seed23-epochs1-xlm-roberta-base-6,"0,5619262893090392"
1-seed47-epochs1-xlm-roberta-base-6,"0,6103227801667318"
2-seed47-epochs1-xlm-roberta-base-6,"0,5909526947646647"
3-seed47-epochs1-xlm-roberta-base-6,"0,5931666488609251"
4-seed47-epochs1-xlm-roberta-base-6,"0,32358587657839527"
5-seed47-epochs1-xlm-roberta-base-6,"0,5517379521621303"
6-seed47-epochs1-xlm-roberta-base-6,"0,5890210987922644"
7-seed47-epochs1-xlm-roberta-base-6,"0,3677827186918264"
8-seed47-epochs1-xlm-roberta-base-6,"0,522271468993797"
9-seed47-epochs1-xlm-roberta-base-6,"0,6157985078528423"
10-seed47-epochs1-xlm-roberta-base-6,"0,648081841432225"
0-seed47-epochs1-xlm-roberta-base-6,"0,5412721588295801"
1-seed62-epochs1-xlm-roberta-base-6,"0,5915941836212869"
2-seed62-epochs1-xlm-roberta-base-6,"0,6336964998942661"
3-seed62-epochs1-xlm-roberta-base-6,"0,5439929716670328"
4-seed62-epochs1-xlm-roberta-base-6,"0,49179227087232497"
5-seed62-epochs1-xlm-roberta-base-6,"0,634058673964098"
6-seed62-epochs1-xlm-roberta-base-6,"0,553316956196703"
7-seed62-epochs1-xlm-roberta-base-6,"0,6744952598089368"
8-seed62-epochs1-xlm-roberta-base-6,"0,2511497263942252"
9-seed62-epochs1-xlm-roberta-base-6,"0,8422406131040429"
10-seed62-epochs1-xlm-roberta-base-6,"0,7194154876814384"
0-seed62-epochs1-xlm-roberta-base-6,"0,5935752643204354"
0-mean-epochs1-xlm-roberta-base-6,"0,5368685967272755"
1-seed11-epochs1-xlm-roberta-base-2,"0,8967611336032388"
2-seed11-epochs1-xlm-roberta-base-2,"0,8684838608792982"
3-seed11-epochs1-xlm-roberta-base-2,"0,4301675977653631"
4-seed11-epochs1-xlm-roberta-base-2,"0,8787040490695843"
5-seed11-epochs1-xlm-roberta-base-2,"0,9093736908253036"
6-seed11-epochs1-xlm-roberta-base-2,"0,9043135443466304"
7-seed11-epochs1-xlm-roberta-base-2,"0,8767113189266608"
8-seed11-epochs1-xlm-roberta-base-2,"0,43001119820828665"
9-seed11-epochs1-xlm-roberta-base-2,"0,885213861534992"
10-seed11-epochs1-xlm-roberta-base-2,"0,8933808127356515"
0-seed11-epochs1-xlm-roberta-base-2,"0,7973121067895009"
1-seed17-epochs1-xlm-roberta-base-2,"0,8887272727272727"
2-seed17-epochs1-xlm-roberta-base-2,"0,4301675977653631"
3-seed17-epochs1-xlm-roberta-base-2,"0,894656561323228"
4-seed17-epochs1-xlm-roberta-base-2,"0,7552580538852602"
5-seed17-epochs1-xlm-roberta-base-2,"0,8675953752746555"
6-seed17-epochs1-xlm-roberta-base-2,"0,8769745570170964"
7-seed17-epochs1-xlm-roberta-base-2,"0,8868026432837718"
8-seed17-epochs1-xlm-roberta-base-2,"0,8915821760245378"
9-seed17-epochs1-xlm-roberta-base-2,"0,8904096948818898"
10-seed17-epochs1-xlm-roberta-base-2,"0,8886562499999999"
0-seed17-epochs1-xlm-roberta-base-2,"0,8270830182183074"
1-seed23-epochs1-xlm-roberta-base-2,"0,8787822420634921"
2-seed23-epochs1-xlm-roberta-base-2,"0,8764997248211337"
3-seed23-epochs1-xlm-roberta-base-2,"0,899488119144131"
4-seed23-epochs1-xlm-roberta-base-2,"0,8933779494148166"
5-seed23-epochs1-xlm-roberta-base-2,"0,7643801327001218"
6-seed23-epochs1-xlm-roberta-base-2,"0,8757387715244384"
7-seed23-epochs1-xlm-roberta-base-2,"0,8790558914380759"
8-seed23-epochs1-xlm-roberta-base-2,"0,9016455940798304"
9-seed23-epochs1-xlm-roberta-base-2,"0,894525260060508"
10-seed23-epochs1-xlm-roberta-base-2,"0,8939906118329355"
0-seed23-epochs1-xlm-roberta-base-2,"0,8757484297079483"
1-seed47-epochs1-xlm-roberta-base-2,"0,8980392156862744"
2-seed47-epochs1-xlm-roberta-base-2,"0,8866513077652799"
3-seed47-epochs1-xlm-roberta-base-2,"0,894656561323228"
4-seed47-epochs1-xlm-roberta-base-2,"0,9016455940798304"
5-seed47-epochs1-xlm-roberta-base-2,"0,43001119820828665"
6-seed47-epochs1-xlm-roberta-base-2,"0,8283756522136689"
7-seed47-epochs1-xlm-roberta-base-2,"0,8636996572407883"
8-seed47-epochs1-xlm-roberta-base-2,"0,7900000522245028"
9-seed47-epochs1-xlm-roberta-base-2,"0,8880498533724339"
10-seed47-epochs1-xlm-roberta-base-2,"0,43001119820828665"
0-seed47-epochs1-xlm-roberta-base-2,"0,7811140290322581"
1-seed62-epochs1-xlm-roberta-base-2,"0,8787822420634921"
2-seed62-epochs1-xlm-roberta-base-2,"0,8811221032660252"
3-seed62-epochs1-xlm-roberta-base-2,"0,8751425937211883"
4-seed62-epochs1-xlm-roberta-base-2,"0,9060654527559054"
5-seed62-epochs1-xlm-roberta-base-2,"0,8652412420044902"
6-seed62-epochs1-xlm-roberta-base-2,"0,7488273762836528"
7-seed62-epochs1-xlm-roberta-base-2,"0,7485877470378173"
8-seed62-epochs1-xlm-roberta-base-2,"0,8797240032136613"
9-seed62-epochs1-xlm-roberta-base-2,"0,8122815128014669"
10-seed62-epochs1-xlm-roberta-base-2,"0,8542547961339189"
0-seed62-epochs1-xlm-roberta-base-2,"0,8450029069281619"
0-mean-epochs1-xlm-roberta-base-2,"0,8252520981352353"
1-seed11-epochs3-xlm-roberta-base-8,"0,8123620501271958"
2-seed11-epochs3-xlm-roberta-base-8,"0,8519667339970223"
3-seed11-epochs3-xlm-roberta-base-8,"0,803817222417852"
4-seed11-epochs3-xlm-roberta-base-8,"0,8625822384272204"
5-seed11-epochs3-xlm-roberta-base-8,"0,847835114256601"
6-seed11-epochs3-xlm-roberta-base-8,"0,8296822124249481"
7-seed11-epochs3-xlm-roberta-base-8,"0,8995431455358073"
8-seed11-epochs3-xlm-roberta-base-8,"0,8305669332600127"
9-seed11-epochs3-xlm-roberta-base-8,"0,8445482214742438"
10-seed11-epochs3-xlm-roberta-base-8,"0,8481911124690834"
0-seed11-epochs3-xlm-roberta-base-8,"0,8431094984389986"
1-seed17-epochs3-xlm-roberta-base-8,"0,8105096681407675"
2-seed17-epochs3-xlm-roberta-base-8,"0,8910771775248748"
3-seed17-epochs3-xlm-roberta-base-8,"0,8240487645505027"
4-seed17-epochs3-xlm-roberta-base-8,"0,8269604317084993"
5-seed17-epochs3-xlm-roberta-base-8,"0,8176960990556275"
6-seed17-epochs3-xlm-roberta-base-8,"0,821659109630783"
7-seed17-epochs3-xlm-roberta-base-8,"0,8606801469387315"
8-seed17-epochs3-xlm-roberta-base-8,"0,8698309816107952"
9-seed17-epochs3-xlm-roberta-base-8,"0,7995843060654185"
10-seed17-epochs3-xlm-roberta-base-8,"0,857113103056203"
0-seed17-epochs3-xlm-roberta-base-8,"0,8379159788282203"
1-seed23-epochs3-xlm-roberta-base-8,"0,819332226876178"
2-seed23-epochs3-xlm-roberta-base-8,"0,4022532157349578"
3-seed23-epochs3-xlm-roberta-base-8,"0,8171363254989616"
4-seed23-epochs3-xlm-roberta-base-8,"0,8647902008141357"
5-seed23-epochs3-xlm-roberta-base-8,"0,8665749330313526"
6-seed23-epochs3-xlm-roberta-base-8,"0,8278288667283975"
7-seed23-epochs3-xlm-roberta-base-8,"0,8737838701812075"
8-seed23-epochs3-xlm-roberta-base-8,"0,8491877451471226"
9-seed23-epochs3-xlm-roberta-base-8,"0,8339698021505868"
10-seed23-epochs3-xlm-roberta-base-8,"0,8206061580048828"
0-seed23-epochs3-xlm-roberta-base-8,"0,7975463344167782"
1-seed47-epochs3-xlm-roberta-base-8,"0,816165025634479"
2-seed47-epochs3-xlm-roberta-base-8,"0,8792636943708874"
3-seed47-epochs3-xlm-roberta-base-8,"0,33791855008388133"
4-seed47-epochs3-xlm-roberta-base-8,"0,8470081545007186"
5-seed47-epochs3-xlm-roberta-base-8,"0,8379205554644646"
6-seed47-epochs3-xlm-roberta-base-8,"0,8359779605116848"
7-seed47-epochs3-xlm-roberta-base-8,"0,8534512612123837"
8-seed47-epochs3-xlm-roberta-base-8,"0,8561811082104042"
9-seed47-epochs3-xlm-roberta-base-8,"0,7950791344091299"
10-seed47-epochs3-xlm-roberta-base-8,"0,8445338072863375"
0-seed47-epochs3-xlm-roberta-base-8,"0,7903499251684372"
1-seed62-epochs3-xlm-roberta-base-8,"0,804096005381683"
2-seed62-epochs3-xlm-roberta-base-8,"0,8751206647259554"
3-seed62-epochs3-xlm-roberta-base-8,"0,8304330891916556"
4-seed62-epochs3-xlm-roberta-base-8,"0,8457135853305923"
5-seed62-epochs3-xlm-roberta-base-8,"0,8353400110306385"
6-seed62-epochs3-xlm-roberta-base-8,"0,8227482813690481"
7-seed62-epochs3-xlm-roberta-base-8,"0,8971273465107918"
8-seed62-epochs3-xlm-roberta-base-8,"0,8361546122575547"
9-seed62-epochs3-xlm-roberta-base-8,"0,8395593319947009"
10-seed62-epochs3-xlm-roberta-base-8,"0,8493485164132659"
0-seed62-epochs3-xlm-roberta-base-8,"0,8435641444205885"
0-mean-epochs3-xlm-roberta-base-8,"0,8224971762546046"
1-seed11-epochs3-xlm-roberta-base-6,"0,884722119945217"
2-seed11-epochs3-xlm-roberta-base-6,"0,8423641261468408"
3-seed11-epochs3-xlm-roberta-base-6,"0,6510642734088278"
4-seed11-epochs3-xlm-roberta-base-6,"0,8972235464340729"
5-seed11-epochs3-xlm-roberta-base-6,"0,8585215613335283"
6-seed11-epochs3-xlm-roberta-base-6,"0,9016635143658989"
7-seed11-epochs3-xlm-roberta-base-6,"0,885380279734683"
8-seed11-epochs3-xlm-roberta-base-6,"0,8706472611177052"
9-seed11-epochs3-xlm-roberta-base-6,"0,8528346622723837"
10-seed11-epochs3-xlm-roberta-base-6,"0,8810016572636049"
0-seed11-epochs3-xlm-roberta-base-6,"0,8525423002022763"
1-seed17-epochs3-xlm-roberta-base-6,"0,8840204157898098"
2-seed17-epochs3-xlm-roberta-base-6,"0,8177559443661139"
3-seed17-epochs3-xlm-roberta-base-6,"0,8986455319407266"
4-seed17-epochs3-xlm-roberta-base-6,"0,7512267634326458"
5-seed17-epochs3-xlm-roberta-base-6,"0,8746898116815758"
6-seed17-epochs3-xlm-roberta-base-6,"0,8849102581979295"
7-seed17-epochs3-xlm-roberta-base-6,"0,8783461711331669"
8-seed17-epochs3-xlm-roberta-base-6,"0,8760053260827255"
9-seed17-epochs3-xlm-roberta-base-6,"0,8500460119083947"
10-seed17-epochs3-xlm-roberta-base-6,"0,888803400147938"
0-seed17-epochs3-xlm-roberta-base-6,"0,8604449634681026"
1-seed23-epochs3-xlm-roberta-base-6,"0,8985226030623866"
2-seed23-epochs3-xlm-roberta-base-6,"0,4205491546373549"
3-seed23-epochs3-xlm-roberta-base-6,"0,8776358577528168"
4-seed23-epochs3-xlm-roberta-base-6,"0,8951903718148592"
5-seed23-epochs3-xlm-roberta-base-6,"0,8865329606496991"
6-seed23-epochs3-xlm-roberta-base-6,"0,893192967601684"
7-seed23-epochs3-xlm-roberta-base-6,"0,8799997326934489"
8-seed23-epochs3-xlm-roberta-base-6,"0,8783773694039044"
9-seed23-epochs3-xlm-roberta-base-6,"0,9079995137972973"
10-seed23-epochs3-xlm-roberta-base-6,"0,870581181449726"
0-seed23-epochs3-xlm-roberta-base-6,"0,8408581712863178"
1-seed47-epochs3-xlm-roberta-base-6,"0,6718616691651622"
2-seed47-epochs3-xlm-roberta-base-6,"0,8722784536879145"
3-seed47-epochs3-xlm-roberta-base-6,"0,8591274274692"
4-seed47-epochs3-xlm-roberta-base-6,"0,8214801752595108"
5-seed47-epochs3-xlm-roberta-base-6,"0,8863379494809526"
6-seed47-epochs3-xlm-roberta-base-6,"0,8917802194764559"
7-seed47-epochs3-xlm-roberta-base-6,"0,8615955894716266"
8-seed47-epochs3-xlm-roberta-base-6,"0,6657230580357808"
9-seed47-epochs3-xlm-roberta-base-6,"0,886832600950248"
10-seed47-epochs3-xlm-roberta-base-6,"0,8421249111129732"
0-seed47-epochs3-xlm-roberta-base-6,"0,8259142054109825"
1-seed62-epochs3-xlm-roberta-base-6,"0,8960958226247424"
2-seed62-epochs3-xlm-roberta-base-6,"0,8258489541239152"
3-seed62-epochs3-xlm-roberta-base-6,"0,8930319894899569"
4-seed62-epochs3-xlm-roberta-base-6,"0,8899458826314386"
5-seed62-epochs3-xlm-roberta-base-6,"0,7839730399548532"
6-seed62-epochs3-xlm-roberta-base-6,"0,8527879527879528"
7-seed62-epochs3-xlm-roberta-base-6,"0,8730946087986434"
8-seed62-epochs3-xlm-roberta-base-6,"0,854850859381599"
9-seed62-epochs3-xlm-roberta-base-6,"0,9058604778653335"
10-seed62-epochs3-xlm-roberta-base-6,"0,633844020557472"
0-seed62-epochs3-xlm-roberta-base-6,"0,8409333608215906"
0-mean-epochs3-xlm-roberta-base-6,"0,8441386002378539"
1-seed11-epochs3-xlm-roberta-base-2,"0,9185265729112451"
2-seed11-epochs3-xlm-roberta-base-2,"0,8998635912698412"
3-seed11-epochs3-xlm-roberta-base-2,"0,9250015755971513"
4-seed11-epochs3-xlm-roberta-base-2,"0,9108084428514536"
5-seed11-epochs3-xlm-roberta-base-2,"0,9137543948828737"
6-seed11-epochs3-xlm-roberta-base-2,"0,9345758354755784"
7-seed11-epochs3-xlm-roberta-base-2,"0,9079542225322277"
8-seed11-epochs3-xlm-roberta-base-2,"0,9074627175781879"
9-seed11-epochs3-xlm-roberta-base-2,"0,9217212106299213"
10-seed11-epochs3-xlm-roberta-base-2,"0,7781880733944955"
0-seed11-epochs3-xlm-roberta-base-2,"0,9017856637122975"
1-seed17-epochs3-xlm-roberta-base-2,"0,8841488346735724"
2-seed17-epochs3-xlm-roberta-base-2,"0,9019230769230769"
3-seed17-epochs3-xlm-roberta-base-2,"0,8172126058183029"
4-seed17-epochs3-xlm-roberta-base-2,"0,9016455940798304"
5-seed17-epochs3-xlm-roberta-base-2,"0,8994269907132978"
6-seed17-epochs3-xlm-roberta-base-2,"0,9241333230539923"
7-seed17-epochs3-xlm-roberta-base-2,"0,8863113387389165"
8-seed17-epochs3-xlm-roberta-base-2,"0,9050727340544573"
9-seed17-epochs3-xlm-roberta-base-2,"0,88809011284558"
10-seed17-epochs3-xlm-roberta-base-2,"0,9035132061165172"
0-seed17-epochs3-xlm-roberta-base-2,"0,8911477817017545"
1-seed23-epochs3-xlm-roberta-base-2,"0,9003926728480088"
2-seed23-epochs3-xlm-roberta-base-2,"0,4301675977653631"
3-seed23-epochs3-xlm-roberta-base-2,"0,9442126482584032"
4-seed23-epochs3-xlm-roberta-base-2,"0,9237334986695601"
5-seed23-epochs3-xlm-roberta-base-2,"0,883780698260985"
6-seed23-epochs3-xlm-roberta-base-2,"0,9132657408196303"
7-seed23-epochs3-xlm-roberta-base-2,"0,872770356742921"
8-seed23-epochs3-xlm-roberta-base-2,"0,9089105569673326"
9-seed23-epochs3-xlm-roberta-base-2,"0,8567529536705165"
10-seed23-epochs3-xlm-roberta-base-2,"0,8668087174311241"
0-seed23-epochs3-xlm-roberta-base-2,"0,8500795441433844"
1-seed47-epochs3-xlm-roberta-base-2,"0,8823529411764706"
2-seed47-epochs3-xlm-roberta-base-2,"0,8951501819452725"
3-seed47-epochs3-xlm-roberta-base-2,"0,9445132344484222"
4-seed47-epochs3-xlm-roberta-base-2,"0,9059323600073924"
5-seed47-epochs3-xlm-roberta-base-2,"0,919594338430431"
6-seed47-epochs3-xlm-roberta-base-2,"0,9225187741018874"
7-seed47-epochs3-xlm-roberta-base-2,"0,8927924512405747"
8-seed47-epochs3-xlm-roberta-base-2,"0,9026944638197836"
9-seed47-epochs3-xlm-roberta-base-2,"0,904197252023339"
10-seed47-epochs3-xlm-roberta-base-2,"0,8963291397057671"
0-seed47-epochs3-xlm-roberta-base-2,"0,906607513689934"
1-seed62-epochs3-xlm-roberta-base-2,"0,9314856150793651"
2-seed62-epochs3-xlm-roberta-base-2,"0,9011684849500604"
3-seed62-epochs3-xlm-roberta-base-2,"0,9311168831168832"
4-seed62-epochs3-xlm-roberta-base-2,"0,9213113740363605"
5-seed62-epochs3-xlm-roberta-base-2,"0,8460095601137533"
6-seed62-epochs3-xlm-roberta-base-2,"0,9220582411489822"
7-seed62-epochs3-xlm-roberta-base-2,"0,916682947435119"
8-seed62-epochs3-xlm-roberta-base-2,"0,9175949572020201"
9-seed62-epochs3-xlm-roberta-base-2,"0,9050727340544573"
10-seed62-epochs3-xlm-roberta-base-2,"0,8898359236509049"
0-seed62-epochs3-xlm-roberta-base-2,"0,9082336720787906"
0-mean-epochs3-xlm-roberta-base-2,"0,8915708350652322"
1-seed11-epochs5-xlm-roberta-base-8,"0,809510221851488"
2-seed11-epochs5-xlm-roberta-base-8,"0,8775467361894191"
3-seed11-epochs5-xlm-roberta-base-8,"0,852507038676832"
4-seed11-epochs5-xlm-roberta-base-8,"0,8501548550093326"
5-seed11-epochs5-xlm-roberta-base-8,"0,8426924314320664"
6-seed11-epochs5-xlm-roberta-base-8,"0,8590105555861829"
7-seed11-epochs5-xlm-roberta-base-8,"0,8995962262689274"
8-seed11-epochs5-xlm-roberta-base-8,"0,8604250973847005"
9-seed11-epochs5-xlm-roberta-base-8,"0,8271027604844887"
10-seed11-epochs5-xlm-roberta-base-8,"0,8283033458404359"
0-seed11-epochs5-xlm-roberta-base-8,"0,8506849268723874"
1-seed17-epochs5-xlm-roberta-base-8,"0,8290907427084631"
2-seed17-epochs5-xlm-roberta-base-8,"0,8919321320676612"
3-seed17-epochs5-xlm-roberta-base-8,"0,8417068579203103"
4-seed17-epochs5-xlm-roberta-base-8,"0,8680599926578988"
5-seed17-epochs5-xlm-roberta-base-8,"0,8527185894340767"
6-seed17-epochs5-xlm-roberta-base-8,"0,8262830592719546"
7-seed17-epochs5-xlm-roberta-base-8,"0,8749954349151843"
8-seed17-epochs5-xlm-roberta-base-8,"0,8244801274731823"
9-seed17-epochs5-xlm-roberta-base-8,"0,8378719107600511"
10-seed17-epochs5-xlm-roberta-base-8,"0,8564660969270727"
0-seed17-epochs5-xlm-roberta-base-8,"0,8503604944135855"
1-seed23-epochs5-xlm-roberta-base-8,"0,8426624474538125"
2-seed23-epochs5-xlm-roberta-base-8,"0,8759354955967417"
3-seed23-epochs5-xlm-roberta-base-8,"0,8572523032010348"
4-seed23-epochs5-xlm-roberta-base-8,"0,8601648005949278"
5-seed23-epochs5-xlm-roberta-base-8,"0,8320344128521016"
6-seed23-epochs5-xlm-roberta-base-8,"0,8596627619861675"
7-seed23-epochs5-xlm-roberta-base-8,"0,9080775913256898"
8-seed23-epochs5-xlm-roberta-base-8,"0,8421167969466581"
9-seed23-epochs5-xlm-roberta-base-8,"0,8341949342065389"
10-seed23-epochs5-xlm-roberta-base-8,"0,8465179081115866"
0-seed23-epochs5-xlm-roberta-base-8,"0,8558619452275259"
1-seed47-epochs5-xlm-roberta-base-8,"0,8104712865345026"
2-seed47-epochs5-xlm-roberta-base-8,"0,8849124210606919"
3-seed47-epochs5-xlm-roberta-base-8,"0,8529477572088134"
4-seed47-epochs5-xlm-roberta-base-8,"0,8864302957305071"
5-seed47-epochs5-xlm-roberta-base-8,"0,8527962891853585"
6-seed47-epochs5-xlm-roberta-base-8,"0,8384470382490781"
7-seed47-epochs5-xlm-roberta-base-8,"0,8957367327763329"
8-seed47-epochs5-xlm-roberta-base-8,"0,8583355865954173"
9-seed47-epochs5-xlm-roberta-base-8,"0,8390100412881725"
10-seed47-epochs5-xlm-roberta-base-8,"0,8439381274377197"
0-seed47-epochs5-xlm-roberta-base-8,"0,8563025576066595"
1-seed62-epochs5-xlm-roberta-base-8,"0,8194586404980988"
2-seed62-epochs5-xlm-roberta-base-8,"0,886503941180233"
3-seed62-epochs5-xlm-roberta-base-8,"0,8502492674506391"
4-seed62-epochs5-xlm-roberta-base-8,"0,8663195543474962"
5-seed62-epochs5-xlm-roberta-base-8,"0,8763308723334466"
6-seed62-epochs5-xlm-roberta-base-8,"0,8754117931984698"
7-seed62-epochs5-xlm-roberta-base-8,"0,8760122404705404"
8-seed62-epochs5-xlm-roberta-base-8,"0,8492209405350516"
9-seed62-epochs5-xlm-roberta-base-8,"0,8359145228133431"
10-seed62-epochs5-xlm-roberta-base-8,"0,8332110771416805"
0-seed62-epochs5-xlm-roberta-base-8,"0,8568632849968999"
0-mean-epochs5-xlm-roberta-base-8,"0,8540146418234116"
1-seed11-epochs5-xlm-roberta-base-6,"0,8987226731977461"
2-seed11-epochs5-xlm-roberta-base-6,"0,8735683934405776"
3-seed11-epochs5-xlm-roberta-base-6,"0,8932530126295067"
4-seed11-epochs5-xlm-roberta-base-6,"0,8919510619311509"
5-seed11-epochs5-xlm-roberta-base-6,"0,8920752624003598"
6-seed11-epochs5-xlm-roberta-base-6,"0,8999821022620599"
7-seed11-epochs5-xlm-roberta-base-6,"0,908264106575932"
8-seed11-epochs5-xlm-roberta-base-6,"0,8942087747643304"
9-seed11-epochs5-xlm-roberta-base-6,"0,8913590364437822"
10-seed11-epochs5-xlm-roberta-base-6,"0,9091687968345586"
0-seed11-epochs5-xlm-roberta-base-6,"0,8952553220480006"
1-seed17-epochs5-xlm-roberta-base-6,"0,8877482882923989"
2-seed17-epochs5-xlm-roberta-base-6,"0,8918890561129809"
3-seed17-epochs5-xlm-roberta-base-6,"0,9222527306116599"
4-seed17-epochs5-xlm-roberta-base-6,"0,9015495678517347"
5-seed17-epochs5-xlm-roberta-base-6,"0,8698842544127673"
6-seed17-epochs5-xlm-roberta-base-6,"0,8916210355260348"
7-seed17-epochs5-xlm-roberta-base-6,"0,8153767169862642"
8-seed17-epochs5-xlm-roberta-base-6,"0,9052501619403027"
9-seed17-epochs5-xlm-roberta-base-6,"0,8970423789848755"
10-seed17-epochs5-xlm-roberta-base-6,"0,8838451777394442"
0-seed17-epochs5-xlm-roberta-base-6,"0,8866459368458462"
1-seed23-epochs5-xlm-roberta-base-6,"0,901780246157637"
2-seed23-epochs5-xlm-roberta-base-6,"0,8919876937032009"
3-seed23-epochs5-xlm-roberta-base-6,"0,9078830512030921"
4-seed23-epochs5-xlm-roberta-base-6,"0,9132777898118678"
5-seed23-epochs5-xlm-roberta-base-6,"0,9012246750014353"
6-seed23-epochs5-xlm-roberta-base-6,"0,901057312278255"
7-seed23-epochs5-xlm-roberta-base-6,"0,9073784573981946"
8-seed23-epochs5-xlm-roberta-base-6,"0,8753909196652613"
9-seed23-epochs5-xlm-roberta-base-6,"0,9214887309937524"
10-seed23-epochs5-xlm-roberta-base-6,"0,9213300628300068"
0-seed23-epochs5-xlm-roberta-base-6,"0,9042798939042704"
1-seed47-epochs5-xlm-roberta-base-6,"0,8944103539221118"
2-seed47-epochs5-xlm-roberta-base-6,"0,8708957902659277"
3-seed47-epochs5-xlm-roberta-base-6,"0,8737948136397748"
4-seed47-epochs5-xlm-roberta-base-6,"0,9003530286138982"
5-seed47-epochs5-xlm-roberta-base-6,"0,888912957617434"
6-seed47-epochs5-xlm-roberta-base-6,"0,8978476453362298"
7-seed47-epochs5-xlm-roberta-base-6,"0,8776241284371532"
8-seed47-epochs5-xlm-roberta-base-6,"0,8641732267467147"
9-seed47-epochs5-xlm-roberta-base-6,"0,8806492441860087"
10-seed47-epochs5-xlm-roberta-base-6,"0,8928298460029933"
0-seed47-epochs5-xlm-roberta-base-6,"0,8841491034768246"
1-seed62-epochs5-xlm-roberta-base-6,"0,8700483239956923"
2-seed62-epochs5-xlm-roberta-base-6,"0,8783643100617143"
3-seed62-epochs5-xlm-roberta-base-6,"0,8875374919643618"
4-seed62-epochs5-xlm-roberta-base-6,"0,8858893801632463"
5-seed62-epochs5-xlm-roberta-base-6,"0,8756384911045928"
6-seed62-epochs5-xlm-roberta-base-6,"0,9184348474448217"
7-seed62-epochs5-xlm-roberta-base-6,"0,7899490388719884"
8-seed62-epochs5-xlm-roberta-base-6,"0,8527559236267864"
9-seed62-epochs5-xlm-roberta-base-6,"0,8940013682738343"
10-seed62-epochs5-xlm-roberta-base-6,"0,900668834189961"
0-seed62-epochs5-xlm-roberta-base-6,"0,8753288009696998"
0-mean-epochs5-xlm-roberta-base-6,"0,8891318114489284"
1-seed11-epochs5-xlm-roberta-base-2,"0,9137254901960784"
2-seed11-epochs5-xlm-roberta-base-2,"0,9182692307692306"
3-seed11-epochs5-xlm-roberta-base-2,"0,9322030431937173"
4-seed11-epochs5-xlm-roberta-base-2,"0,9088735835544883"
5-seed11-epochs5-xlm-roberta-base-2,"0,9207169367443508"
6-seed11-epochs5-xlm-roberta-base-2,"0,92046875"
7-seed11-epochs5-xlm-roberta-base-2,"0,8939583333333332"
8-seed11-epochs5-xlm-roberta-base-2,"0,9200356095517386"
9-seed11-epochs5-xlm-roberta-base-2,"0,9303150933063735"
10-seed11-epochs5-xlm-roberta-base-2,"0,9191447452026941"
0-seed11-epochs5-xlm-roberta-base-2,"0,9177710815852006"
1-seed17-epochs5-xlm-roberta-base-2,"0,9084967320261439"
2-seed17-epochs5-xlm-roberta-base-2,"0,9089304846536836"
3-seed17-epochs5-xlm-roberta-base-2,"0,9193741681158238"
4-seed17-epochs5-xlm-roberta-base-2,"0,9233262517076414"
5-seed17-epochs5-xlm-roberta-base-2,"0,9137543948828737"
6-seed17-epochs5-xlm-roberta-base-2,"0,9310729166666667"
7-seed17-epochs5-xlm-roberta-base-2,"0,8874320738026034"
8-seed17-epochs5-xlm-roberta-base-2,"0,9314414190393302"
9-seed17-epochs5-xlm-roberta-base-2,"0,9171432022138555"
10-seed17-epochs5-xlm-roberta-base-2,"0,9113076537212557"
0-seed17-epochs5-xlm-roberta-base-2,"0,9152279296829876"
1-seed23-epochs5-xlm-roberta-base-2,"0,9141725015426511"
2-seed23-epochs5-xlm-roberta-base-2,"0,9079011663727719"
3-seed23-epochs5-xlm-roberta-base-2,"0,9370901091671635"
4-seed23-epochs5-xlm-roberta-base-2,"0,9078448496208571"
5-seed23-epochs5-xlm-roberta-base-2,"0,9175949572020201"
6-seed23-epochs5-xlm-roberta-base-2,"0,9306975282781735"
7-seed23-epochs5-xlm-roberta-base-2,"0,916682947435119"
8-seed23-epochs5-xlm-roberta-base-2,"0,9151666666666667"
9-seed23-epochs5-xlm-roberta-base-2,"0,8427941552355798"
10-seed23-epochs5-xlm-roberta-base-2,"0,883780698260985"
0-seed23-epochs5-xlm-roberta-base-2,"0,9073725579781987"
1-seed47-epochs5-xlm-roberta-base-2,"0,9165575916230366"
2-seed47-epochs5-xlm-roberta-base-2,"0,9079011663727719"
3-seed47-epochs5-xlm-roberta-base-2,"0,9339443267243122"
4-seed47-epochs5-xlm-roberta-base-2,"0,9093736908253036"
5-seed47-epochs5-xlm-roberta-base-2,"0,9274335348628455"
6-seed47-epochs5-xlm-roberta-base-2,"0,9342530160944483"
7-seed47-epochs5-xlm-roberta-base-2,"0,8987117720988689"
8-seed47-epochs5-xlm-roberta-base-2,"0,8659905640507182"
9-seed47-epochs5-xlm-roberta-base-2,"0,9145543058586537"
10-seed47-epochs5-xlm-roberta-base-2,"0,9021748728683701"
0-seed47-epochs5-xlm-roberta-base-2,"0,9110894841379329"
1-seed62-epochs5-xlm-roberta-base-2,"0,916987120795947"
2-seed62-epochs5-xlm-roberta-base-2,"0,9059907834101384"
3-seed62-epochs5-xlm-roberta-base-2,"0,9364155844155844"
4-seed62-epochs5-xlm-roberta-base-2,"0,8968870281585521"
5-seed62-epochs5-xlm-roberta-base-2,"0,797792981681748"
6-seed62-epochs5-xlm-roberta-base-2,"0,9314414190393302"
7-seed62-epochs5-xlm-roberta-base-2,"0,9278344019281968"
8-seed62-epochs5-xlm-roberta-base-2,"0,9151666666666667"
9-seed62-epochs5-xlm-roberta-base-2,"0,9008468667979003"
10-seed62-epochs5-xlm-roberta-base-2,"0,822431536717251"
0-seed62-epochs5-xlm-roberta-base-2,"0,8951794389611315"
0-mean-epochs5-xlm-roberta-base-2,"0,9093280984690904"