1-seed11-epochs1-bert-base-multilingual-cased-8,"0,8387572890883069"
1-seed11-epochs1-bert-base-multilingual-cased-8,"0,8387572890883069"
1-seed11-epochs1-bert-base-multilingual-cased-8,"0,8387572890883069"
2-seed11-epochs1-bert-base-multilingual-cased-8,"0,7324163571433927"
3-seed11-epochs1-bert-base-multilingual-cased-8,"0,8388375068305953"
4-seed11-epochs1-bert-base-multilingual-cased-8,"0,8362097961624817"
5-seed11-epochs1-bert-base-multilingual-cased-8,"0,7424806420404388"
6-seed11-epochs1-bert-base-multilingual-cased-8,"0,7017869141109567"
7-seed11-epochs1-bert-base-multilingual-cased-8,"0,7142359393321731"
8-seed11-epochs1-bert-base-multilingual-cased-8,"0,7332936795329167"
9-seed11-epochs1-bert-base-multilingual-cased-8,"0,7208458287800757"
10-seed11-epochs1-bert-base-multilingual-cased-8,"0,8113003642945238"
0-seed11-epochs1-bert-base-multilingual-cased-8,"0,7670164317315862"
1-seed17-epochs1-bert-base-multilingual-cased-8,"0,8186945163185525"
2-seed17-epochs1-bert-base-multilingual-cased-8,"0,8361756495330855"
3-seed17-epochs1-bert-base-multilingual-cased-8,"0,8314498286944685"
4-seed17-epochs1-bert-base-multilingual-cased-8,"0,8485268518957257"
5-seed17-epochs1-bert-base-multilingual-cased-8,"0,7361307591230435"
6-seed17-epochs1-bert-base-multilingual-cased-8,"0,6952431272675799"
7-seed17-epochs1-bert-base-multilingual-cased-8,"0,7237936526516364"
8-seed17-epochs1-bert-base-multilingual-cased-8,"0,7539452998960567"
9-seed17-epochs1-bert-base-multilingual-cased-8,"0,7383080191241429"
10-seed17-epochs1-bert-base-multilingual-cased-8,"0,8143312769659466"
0-seed17-epochs1-bert-base-multilingual-cased-8,"0,7796598981470239"
1-seed23-epochs1-bert-base-multilingual-cased-8,"0,6992150703939333"
2-seed23-epochs1-bert-base-multilingual-cased-8,"0,8248196745580608"
3-seed23-epochs1-bert-base-multilingual-cased-8,"0,8247960959425917"
4-seed23-epochs1-bert-base-multilingual-cased-8,"0,8135523921616938"
5-seed23-epochs1-bert-base-multilingual-cased-8,"0,7338613652504631"
6-seed23-epochs1-bert-base-multilingual-cased-8,"0,7026686160483987"
7-seed23-epochs1-bert-base-multilingual-cased-8,"0,7104427624890057"
8-seed23-epochs1-bert-base-multilingual-cased-8,"0,7404567025010415"
9-seed23-epochs1-bert-base-multilingual-cased-8,"0,7213840125478805"
10-seed23-epochs1-bert-base-multilingual-cased-8,"0,7332242026217319"
0-seed23-epochs1-bert-base-multilingual-cased-8,"0,7504420894514802"
1-seed47-epochs1-bert-base-multilingual-cased-8,"0,8390555148469099"
2-seed47-epochs1-bert-base-multilingual-cased-8,"0,8380238086917482"
3-seed47-epochs1-bert-base-multilingual-cased-8,"0,7267174112111932"
4-seed47-epochs1-bert-base-multilingual-cased-8,"0,7147185902240828"
5-seed47-epochs1-bert-base-multilingual-cased-8,"0,7347049575091007"
6-seed47-epochs1-bert-base-multilingual-cased-8,"0,6863625972077654"
7-seed47-epochs1-bert-base-multilingual-cased-8,"0,715908052550182"
8-seed47-epochs1-bert-base-multilingual-cased-8,"0,7394538628524359"
9-seed47-epochs1-bert-base-multilingual-cased-8,"0,7307836350498849"
10-seed47-epochs1-bert-base-multilingual-cased-8,"0,8061228887912332"
0-seed47-epochs1-bert-base-multilingual-cased-8,"0,7531851318934535"
1-seed62-epochs1-bert-base-multilingual-cased-8,"0,814344993418491"
2-seed62-epochs1-bert-base-multilingual-cased-8,"0,8235849190102471"
3-seed62-epochs1-bert-base-multilingual-cased-8,"0,7317752284341892"
4-seed62-epochs1-bert-base-multilingual-cased-8,"0,8385810105777113"
5-seed62-epochs1-bert-base-multilingual-cased-8,"0,7272915214383356"
6-seed62-epochs1-bert-base-multilingual-cased-8,"0,672412316579343"
7-seed62-epochs1-bert-base-multilingual-cased-8,"0,7149348581551345"
8-seed62-epochs1-bert-base-multilingual-cased-8,"0,7020870623516211"
9-seed62-epochs1-bert-base-multilingual-cased-8,"0,6864036815261975"
10-seed62-epochs1-bert-base-multilingual-cased-8,"0,8197569784035902"
0-seed62-epochs1-bert-base-multilingual-cased-8,"0,7531172569894861"
0-mean-epochs1-bert-base-multilingual-cased-8,"0,760684161642606"
1-seed11-epochs1-bert-base-multilingual-cased-6,"0,7860467780612971"
2-seed11-epochs1-bert-base-multilingual-cased-6,"0,7269174277401453"
3-seed11-epochs1-bert-base-multilingual-cased-6,"0,8407759784075572"
4-seed11-epochs1-bert-base-multilingual-cased-6,"0,6938313033473219"
5-seed11-epochs1-bert-base-multilingual-cased-6,"0,7187079236736854"
6-seed11-epochs1-bert-base-multilingual-cased-6,"0,7327059394067067"
7-seed11-epochs1-bert-base-multilingual-cased-6,"0,6976994952807045"
8-seed11-epochs1-bert-base-multilingual-cased-6,"0,6979653036771731"
9-seed11-epochs1-bert-base-multilingual-cased-6,"0,6925601559211797"
10-seed11-epochs1-bert-base-multilingual-cased-6,"0,7075817242547426"
0-seed11-epochs1-bert-base-multilingual-cased-6,"0,7294792029770513"
1-seed17-epochs1-bert-base-multilingual-cased-6,"0,8480073795657621"
2-seed17-epochs1-bert-base-multilingual-cased-6,"0,8724385077527653"
3-seed17-epochs1-bert-base-multilingual-cased-6,"0,8982587255616948"
4-seed17-epochs1-bert-base-multilingual-cased-6,"0,7208475774661326"
5-seed17-epochs1-bert-base-multilingual-cased-6,"0,7311910414415682"
6-seed17-epochs1-bert-base-multilingual-cased-6,"0,7224671065999994"
7-seed17-epochs1-bert-base-multilingual-cased-6,"0,7161380908952727"
8-seed17-epochs1-bert-base-multilingual-cased-6,"0,7162675021257777"
9-seed17-epochs1-bert-base-multilingual-cased-6,"0,6914148242462957"
10-seed17-epochs1-bert-base-multilingual-cased-6,"0,8391967720716161"
0-seed17-epochs1-bert-base-multilingual-cased-6,"0,7756227527726884"
1-seed23-epochs1-bert-base-multilingual-cased-6,"0,8341297097228726"
2-seed23-epochs1-bert-base-multilingual-cased-6,"0,880387322562202"
3-seed23-epochs1-bert-base-multilingual-cased-6,"0,8789514342541187"
4-seed23-epochs1-bert-base-multilingual-cased-6,"0,8099869793003049"
5-seed23-epochs1-bert-base-multilingual-cased-6,"0,72468820861678"
6-seed23-epochs1-bert-base-multilingual-cased-6,"0,7117958846330031"
7-seed23-epochs1-bert-base-multilingual-cased-6,"0,6931820002479974"
8-seed23-epochs1-bert-base-multilingual-cased-6,"0,7247565698746713"
9-seed23-epochs1-bert-base-multilingual-cased-6,"0,7177711501826926"
10-seed23-epochs1-bert-base-multilingual-cased-6,"0,8273895185585681"
0-seed23-epochs1-bert-base-multilingual-cased-6,"0,7803038777953211"
1-seed47-epochs1-bert-base-multilingual-cased-6,"0,6714965443912813"
2-seed47-epochs1-bert-base-multilingual-cased-6,"0,8933521019386472"
3-seed47-epochs1-bert-base-multilingual-cased-6,"0,899769180930884"
4-seed47-epochs1-bert-base-multilingual-cased-6,"0,8186982667801083"
5-seed47-epochs1-bert-base-multilingual-cased-6,"0,7175426820123559"
6-seed47-epochs1-bert-base-multilingual-cased-6,"0,7185780285780287"
7-seed47-epochs1-bert-base-multilingual-cased-6,"0,7014416724820641"
8-seed47-epochs1-bert-base-multilingual-cased-6,"0,719280758825005"
9-seed47-epochs1-bert-base-multilingual-cased-6,"0,7168600080062818"
10-seed47-epochs1-bert-base-multilingual-cased-6,"0,70850031454818"
0-seed47-epochs1-bert-base-multilingual-cased-6,"0,7565519558492836"
1-seed62-epochs1-bert-base-multilingual-cased-6,"0,825320276669063"
2-seed62-epochs1-bert-base-multilingual-cased-6,"0,8680538072702058"
3-seed62-epochs1-bert-base-multilingual-cased-6,"0,8857087550467341"
4-seed62-epochs1-bert-base-multilingual-cased-6,"0,6977915218770695"
5-seed62-epochs1-bert-base-multilingual-cased-6,"0,7230250687350516"
6-seed62-epochs1-bert-base-multilingual-cased-6,"0,7142898381316615"
7-seed62-epochs1-bert-base-multilingual-cased-6,"0,6929188541404562"
8-seed62-epochs1-bert-base-multilingual-cased-6,"0,7546817924067993"
9-seed62-epochs1-bert-base-multilingual-cased-6,"0,7015732651344811"
10-seed62-epochs1-bert-base-multilingual-cased-6,"0,7065020986895987"
0-seed62-epochs1-bert-base-multilingual-cased-6,"0,7569865278101121"
0-mean-epochs1-bert-base-multilingual-cased-6,"0,7597888634408912"
1-seed11-epochs1-bert-base-multilingual-cased-2,"0,9225432510757883"
2-seed11-epochs1-bert-base-multilingual-cased-2,"0,938410949164593"
3-seed11-epochs1-bert-base-multilingual-cased-2,"0,9406696526170042"
4-seed11-epochs1-bert-base-multilingual-cased-2,"0,90050031869229"
5-seed11-epochs1-bert-base-multilingual-cased-2,"0,9024234693877551"
6-seed11-epochs1-bert-base-multilingual-cased-2,"0,8953391785879097"
7-seed11-epochs1-bert-base-multilingual-cased-2,"0,9284950343773873"
8-seed11-epochs1-bert-base-multilingual-cased-2,"0,9342017879948914"
9-seed11-epochs1-bert-base-multilingual-cased-2,"0,9220830848737825"
10-seed11-epochs1-bert-base-multilingual-cased-2,"0,8985214860074358"
0-seed11-epochs1-bert-base-multilingual-cased-2,"0,9183188212778838"
1-seed17-epochs1-bert-base-multilingual-cased-2,"0,9225432510757883"
2-seed17-epochs1-bert-base-multilingual-cased-2,"0,9466479466479467"
3-seed17-epochs1-bert-base-multilingual-cased-2,"0,9394957983193278"
4-seed17-epochs1-bert-base-multilingual-cased-2,"0,8960181555601403"
5-seed17-epochs1-bert-base-multilingual-cased-2,"0,909869229909467"
6-seed17-epochs1-bert-base-multilingual-cased-2,"0,9201502840459"
7-seed17-epochs1-bert-base-multilingual-cased-2,"0,9336085009221042"
8-seed17-epochs1-bert-base-multilingual-cased-2,"0,9466479466479467"
9-seed17-epochs1-bert-base-multilingual-cased-2,"0,9093117408906882"
10-seed17-epochs1-bert-base-multilingual-cased-2,"0,881890395111363"
0-seed17-epochs1-bert-base-multilingual-cased-2,"0,9206183249130673"
1-seed23-epochs1-bert-base-multilingual-cased-2,"0,9184342834948105"
2-seed23-epochs1-bert-base-multilingual-cased-2,"0,9413872352208223"
3-seed23-epochs1-bert-base-multilingual-cased-2,"0,9510605700968863"
4-seed23-epochs1-bert-base-multilingual-cased-2,"0,8941507024265645"
5-seed23-epochs1-bert-base-multilingual-cased-2,"0,9104159260575897"
6-seed23-epochs1-bert-base-multilingual-cased-2,"0,9201502840459"
7-seed23-epochs1-bert-base-multilingual-cased-2,"0,9384109491645929"
8-seed23-epochs1-bert-base-multilingual-cased-2,"0,9319838056680162"
9-seed23-epochs1-bert-base-multilingual-cased-2,"0,9155024030401252"
10-seed23-epochs1-bert-base-multilingual-cased-2,"0,8934132833931814"
0-seed23-epochs1-bert-base-multilingual-cased-2,"0,9214909442608489"
1-seed47-epochs1-bert-base-multilingual-cased-2,"0,9220830848737825"
2-seed47-epochs1-bert-base-multilingual-cased-2,"0,9417357077977484"
3-seed47-epochs1-bert-base-multilingual-cased-2,"0,9413872352208223"
4-seed47-epochs1-bert-base-multilingual-cased-2,"0,8898150691458651"
5-seed47-epochs1-bert-base-multilingual-cased-2,"0,9191252321023313"
6-seed47-epochs1-bert-base-multilingual-cased-2,"0,9258538351854785"
7-seed47-epochs1-bert-base-multilingual-cased-2,"0,9365610993449245"
8-seed47-epochs1-bert-base-multilingual-cased-2,"0,9185971389017075"
9-seed47-epochs1-bert-base-multilingual-cased-2,"0,9272129399217918"
10-seed47-epochs1-bert-base-multilingual-cased-2,"0,8695598250124024"
0-seed47-epochs1-bert-base-multilingual-cased-2,"0,9191931167506853"
1-seed62-epochs1-bert-base-multilingual-cased-2,"0,9276485788113695"
2-seed62-epochs1-bert-base-multilingual-cased-2,"0,9489878542510122"
3-seed62-epochs1-bert-base-multilingual-cased-2,"0,9522639522639522"
4-seed62-epochs1-bert-base-multilingual-cased-2,"0,8768218983291859"
5-seed62-epochs1-bert-base-multilingual-cased-2,"0,9101692089209841"
6-seed62-epochs1-bert-base-multilingual-cased-2,"0,9063523400301938"
7-seed62-epochs1-bert-base-multilingual-cased-2,"0,9406696526170042"
8-seed62-epochs1-bert-base-multilingual-cased-2,"0,9315573863250571"
9-seed62-epochs1-bert-base-multilingual-cased-2,"0,9155024030401252"
10-seed62-epochs1-bert-base-multilingual-cased-2,"0,8959597352454496"
0-seed62-epochs1-bert-base-multilingual-cased-2,"0,9205933009834334"
0-mean-epochs1-bert-base-multilingual-cased-2,"0,9200429016371837"
1-seed11-epochs3-bert-base-multilingual-cased-8,"0,8643788473090716"
2-seed11-epochs3-bert-base-multilingual-cased-8,"0,850325802032075"
3-seed11-epochs3-bert-base-multilingual-cased-8,"0,8589798404934028"
4-seed11-epochs3-bert-base-multilingual-cased-8,"0,8802516539178509"
5-seed11-epochs3-bert-base-multilingual-cased-8,"0,7776592152520594"
6-seed11-epochs3-bert-base-multilingual-cased-8,"0,7177904822165615"
7-seed11-epochs3-bert-base-multilingual-cased-8,"0,7551109224235659"
8-seed11-epochs3-bert-base-multilingual-cased-8,"0,7577432590525169"
9-seed11-epochs3-bert-base-multilingual-cased-8,"0,7588111784751519"
10-seed11-epochs3-bert-base-multilingual-cased-8,"0,852719994335308"
0-seed11-epochs3-bert-base-multilingual-cased-8,"0,8073771195507564"
1-seed17-epochs3-bert-base-multilingual-cased-8,"0,8689651876928105"
2-seed17-epochs3-bert-base-multilingual-cased-8,"0,7520695008203978"
3-seed17-epochs3-bert-base-multilingual-cased-8,"0,8446258517747424"
4-seed17-epochs3-bert-base-multilingual-cased-8,"0,8710783586992827"
5-seed17-epochs3-bert-base-multilingual-cased-8,"0,7569957039983686"
6-seed17-epochs3-bert-base-multilingual-cased-8,"0,7220839906985854"
7-seed17-epochs3-bert-base-multilingual-cased-8,"0,7491724299376887"
8-seed17-epochs3-bert-base-multilingual-cased-8,"0,7387497156292417"
9-seed17-epochs3-bert-base-multilingual-cased-8,"0,7482171299689564"
10-seed17-epochs3-bert-base-multilingual-cased-8,"0,7434664267566308"
0-seed17-epochs3-bert-base-multilingual-cased-8,"0,7795424295976706"
1-seed23-epochs3-bert-base-multilingual-cased-8,"0,8613946420989481"
2-seed23-epochs3-bert-base-multilingual-cased-8,"0,8576232927588403"
3-seed23-epochs3-bert-base-multilingual-cased-8,"0,7478209322902125"
4-seed23-epochs3-bert-base-multilingual-cased-8,"0,8547304598137858"
5-seed23-epochs3-bert-base-multilingual-cased-8,"0,764135495802843"
6-seed23-epochs3-bert-base-multilingual-cased-8,"0,8018698342065893"
7-seed23-epochs3-bert-base-multilingual-cased-8,"0,7475582919171917"
8-seed23-epochs3-bert-base-multilingual-cased-8,"0,8900153109313844"
9-seed23-epochs3-bert-base-multilingual-cased-8,"0,8952280218795927"
10-seed23-epochs3-bert-base-multilingual-cased-8,"0,8516300308573163"
0-seed23-epochs3-bert-base-multilingual-cased-8,"0,8272006312556703"
1-seed47-epochs3-bert-base-multilingual-cased-8,"0,8651959348180229"
2-seed47-epochs3-bert-base-multilingual-cased-8,"0,7479491251624295"
3-seed47-epochs3-bert-base-multilingual-cased-8,"0,8532729974828107"
4-seed47-epochs3-bert-base-multilingual-cased-8,"0,8784945134749236"
5-seed47-epochs3-bert-base-multilingual-cased-8,"0,771746603490802"
6-seed47-epochs3-bert-base-multilingual-cased-8,"0,8458196178129682"
7-seed47-epochs3-bert-base-multilingual-cased-8,"0,8654833276276366"
8-seed47-epochs3-bert-base-multilingual-cased-8,"0,8780238875525201"
9-seed47-epochs3-bert-base-multilingual-cased-8,"0,751847924053091"
10-seed47-epochs3-bert-base-multilingual-cased-8,"0,8456518801341477"
0-seed47-epochs3-bert-base-multilingual-cased-8,"0,8303485811609352"
1-seed62-epochs3-bert-base-multilingual-cased-8,"0,7631215436542298"
2-seed62-epochs3-bert-base-multilingual-cased-8,"0,852650007081774"
3-seed62-epochs3-bert-base-multilingual-cased-8,"0,8666523248710798"
4-seed62-epochs3-bert-base-multilingual-cased-8,"0,863348052449484"
5-seed62-epochs3-bert-base-multilingual-cased-8,"0,7865801035326412"
6-seed62-epochs3-bert-base-multilingual-cased-8,"0,7124095475990986"
7-seed62-epochs3-bert-base-multilingual-cased-8,"0,8690257348633108"
8-seed62-epochs3-bert-base-multilingual-cased-8,"0,8457391390543565"
9-seed62-epochs3-bert-base-multilingual-cased-8,"0,8943609725365538"
10-seed62-epochs3-bert-base-multilingual-cased-8,"0,8419084469801391"
0-seed62-epochs3-bert-base-multilingual-cased-8,"0,8295795872622668"
0-mean-epochs3-bert-base-multilingual-cased-8,"0,81480966976"
1-seed11-epochs3-bert-base-multilingual-cased-6,"0,7955039061779152"
2-seed11-epochs3-bert-base-multilingual-cased-6,"0,7523802230907707"
3-seed11-epochs3-bert-base-multilingual-cased-6,"0,9214301075268818"
4-seed11-epochs3-bert-base-multilingual-cased-6,"0,7340367684216483"
5-seed11-epochs3-bert-base-multilingual-cased-6,"0,7158399860451844"
6-seed11-epochs3-bert-base-multilingual-cased-6,"0,7376604156765257"
7-seed11-epochs3-bert-base-multilingual-cased-6,"0,728629489985305"
8-seed11-epochs3-bert-base-multilingual-cased-6,"0,7391273387341258"
9-seed11-epochs3-bert-base-multilingual-cased-6,"0,7212277068523899"
10-seed11-epochs3-bert-base-multilingual-cased-6,"0,7459729926296234"
0-seed11-epochs3-bert-base-multilingual-cased-6,"0,7591808935140371"
1-seed17-epochs3-bert-base-multilingual-cased-6,"0,8160589160589161"
2-seed17-epochs3-bert-base-multilingual-cased-6,"0,7538353636657203"
3-seed17-epochs3-bert-base-multilingual-cased-6,"0,9121940533134039"
4-seed17-epochs3-bert-base-multilingual-cased-6,"0,7288950433104285"
5-seed17-epochs3-bert-base-multilingual-cased-6,"0,7403659313258745"
6-seed17-epochs3-bert-base-multilingual-cased-6,"0,7454613436050191"
7-seed17-epochs3-bert-base-multilingual-cased-6,"0,7257240701622251"
8-seed17-epochs3-bert-base-multilingual-cased-6,"0,9034372659224178"
9-seed17-epochs3-bert-base-multilingual-cased-6,"0,7414971447939177"
10-seed17-epochs3-bert-base-multilingual-cased-6,"0,8822226019951408"
0-seed17-epochs3-bert-base-multilingual-cased-6,"0,7949691734153064"
1-seed23-epochs3-bert-base-multilingual-cased-6,"0,8248936272115099"
2-seed23-epochs3-bert-base-multilingual-cased-6,"0,9066681202395488"
3-seed23-epochs3-bert-base-multilingual-cased-6,"0,9263689024390244"
4-seed23-epochs3-bert-base-multilingual-cased-6,"0,7505400585978711"
5-seed23-epochs3-bert-base-multilingual-cased-6,"0,747240147817214"
6-seed23-epochs3-bert-base-multilingual-cased-6,"0,7513999478963829"
7-seed23-epochs3-bert-base-multilingual-cased-6,"0,7322628590921275"
8-seed23-epochs3-bert-base-multilingual-cased-6,"0,8540292329062061"
9-seed23-epochs3-bert-base-multilingual-cased-6,"0,9058080808080807"
10-seed23-epochs3-bert-base-multilingual-cased-6,"0,8885278912868243"
0-seed23-epochs3-bert-base-multilingual-cased-6,"0,828773886829479"
1-seed47-epochs3-bert-base-multilingual-cased-6,"0,8440682606728996"
2-seed47-epochs3-bert-base-multilingual-cased-6,"0,9190054317033545"
3-seed47-epochs3-bert-base-multilingual-cased-6,"0,7746598390569268"
4-seed47-epochs3-bert-base-multilingual-cased-6,"0,8805158125033282"
5-seed47-epochs3-bert-base-multilingual-cased-6,"0,7255033070141379"
6-seed47-epochs3-bert-base-multilingual-cased-6,"0,7410650186092133"
7-seed47-epochs3-bert-base-multilingual-cased-6,"0,732084840631006"
8-seed47-epochs3-bert-base-multilingual-cased-6,"0,9134377809817696"
9-seed47-epochs3-bert-base-multilingual-cased-6,"0,7547294760197986"
10-seed47-epochs3-bert-base-multilingual-cased-6,"0,8902437200015075"
0-seed47-epochs3-bert-base-multilingual-cased-6,"0,8175313487193943"
1-seed62-epochs3-bert-base-multilingual-cased-6,"0,8687852010697428"
2-seed62-epochs3-bert-base-multilingual-cased-6,"0,8994401514264527"
3-seed62-epochs3-bert-base-multilingual-cased-6,"0,926472418326745"
4-seed62-epochs3-bert-base-multilingual-cased-6,"0,8826019796318165"
5-seed62-epochs3-bert-base-multilingual-cased-6,"0,7578884132329547"
6-seed62-epochs3-bert-base-multilingual-cased-6,"0,7423459653281815"
7-seed62-epochs3-bert-base-multilingual-cased-6,"0,7363049648763935"
8-seed62-epochs3-bert-base-multilingual-cased-6,"0,8503649552982369"
9-seed62-epochs3-bert-base-multilingual-cased-6,"0,8569742636501482"
10-seed62-epochs3-bert-base-multilingual-cased-6,"0,8779142760102736"
0-seed62-epochs3-bert-base-multilingual-cased-6,"0,8399092588850945"
0-mean-epochs3-bert-base-multilingual-cased-6,"0,8080729122726622"
1-seed11-epochs3-bert-base-multilingual-cased-2,"0,919779286926995"
2-seed11-epochs3-bert-base-multilingual-cased-2,"0,9469694032950298"
3-seed11-epochs3-bert-base-multilingual-cased-2,"0,9478973399132711"
4-seed11-epochs3-bert-base-multilingual-cased-2,"0,9073359073359074"
5-seed11-epochs3-bert-base-multilingual-cased-2,"0,9276485788113695"
6-seed11-epochs3-bert-base-multilingual-cased-2,"0,9424128493778259"
7-seed11-epochs3-bert-base-multilingual-cased-2,"0,9339954163483576"
8-seed11-epochs3-bert-base-multilingual-cased-2,"0,9406696526170042"
9-seed11-epochs3-bert-base-multilingual-cased-2,"0,928075875998946"
10-seed11-epochs3-bert-base-multilingual-cased-2,"0,9041797400268937"
0-seed11-epochs3-bert-base-multilingual-cased-2,"0,92989640506516"
1-seed17-epochs3-bert-base-multilingual-cased-2,"0,9080765599519356"
2-seed17-epochs3-bert-base-multilingual-cased-2,"0,9417357077977484"
3-seed17-epochs3-bert-base-multilingual-cased-2,"0,9446737507684202"
4-seed17-epochs3-bert-base-multilingual-cased-2,"0,9144467329063213"
5-seed17-epochs3-bert-base-multilingual-cased-2,"0,9354159354159355"
6-seed17-epochs3-bert-base-multilingual-cased-2,"0,9332140727489564"
7-seed17-epochs3-bert-base-multilingual-cased-2,"0,9398437499999999"
8-seed17-epochs3-bert-base-multilingual-cased-2,"0,9302228990724075"
9-seed17-epochs3-bert-base-multilingual-cased-2,"0,9165175909361956"
10-seed17-epochs3-bert-base-multilingual-cased-2,"0,912900432900433"
0-seed17-epochs3-bert-base-multilingual-cased-2,"0,9277047432498353"
1-seed23-epochs3-bert-base-multilingual-cased-2,"0,9306377473782719"
2-seed23-epochs3-bert-base-multilingual-cased-2,"0,9499105545617174"
3-seed23-epochs3-bert-base-multilingual-cased-2,"0,9502063756915782"
4-seed23-epochs3-bert-base-multilingual-cased-2,"0,9061860147670162"
5-seed23-epochs3-bert-base-multilingual-cased-2,"0,9180676155187202"
6-seed23-epochs3-bert-base-multilingual-cased-2,"0,9297999297999298"
7-seed23-epochs3-bert-base-multilingual-cased-2,"0,9361867275880102"
8-seed23-epochs3-bert-base-multilingual-cased-2,"0,9350191433424333"
9-seed23-epochs3-bert-base-multilingual-cased-2,"0,9302228990724075"
10-seed23-epochs3-bert-base-multilingual-cased-2,"0,9154527117884357"
0-seed23-epochs3-bert-base-multilingual-cased-2,"0,9301689719508521"
1-seed47-epochs3-bert-base-multilingual-cased-2,"0,9329669569658504"
2-seed47-epochs3-bert-base-multilingual-cased-2,"0,9525515713692372"
3-seed47-epochs3-bert-base-multilingual-cased-2,"0,9668042504610521"
4-seed47-epochs3-bert-base-multilingual-cased-2,"0,8961038961038961"
5-seed47-epochs3-bert-base-multilingual-cased-2,"0,9211355761707833"
6-seed47-epochs3-bert-base-multilingual-cased-2,"0,9225432510757883"
7-seed47-epochs3-bert-base-multilingual-cased-2,"0,9372886765811724"
8-seed47-epochs3-bert-base-multilingual-cased-2,"0,9354159354159355"
9-seed47-epochs3-bert-base-multilingual-cased-2,"0,9339954163483576"
10-seed47-epochs3-bert-base-multilingual-cased-2,"0,8934132833931814"
0-seed47-epochs3-bert-base-multilingual-cased-2,"0,9292218813885255"
---
1-seed62-epochs3-bert-base-multilingual-cased-2,"0,9318355180230137"
2-seed62-epochs3-bert-base-multilingual-cased-2,"0,9496089584073943"
---
1-seed62-epochs3-bert-base-multilingual-cased-2,"0,9318355180230137"
2-seed62-epochs3-bert-base-multilingual-cased-2,"0,9496089584073943"
3-seed62-epochs3-bert-base-multilingual-cased-2,"0,9446737507684202"
4-seed62-epochs3-bert-base-multilingual-cased-2,"0,9149797570850202"
5-seed62-epochs3-bert-base-multilingual-cased-2,"0,9246407309982002"
6-seed62-epochs3-bert-base-multilingual-cased-2,"0,9358050671466149"
7-seed62-epochs3-bert-base-multilingual-cased-2,"0,9387795666865435"
8-seed62-epochs3-bert-base-multilingual-cased-2,"0,9469694032950298"
9-seed62-epochs3-bert-base-multilingual-cased-2,"0,9358050671466149"
10-seed62-epochs3-bert-base-multilingual-cased-2,"0,9055399061032864"
0-seed62-epochs3-bert-base-multilingual-cased-2,"0,9328637725660137"
0-mean-epochs3-bert-base-multilingual-cased-2,"0,9328637725660137"
1-seed11-epochs5-bert-base-multilingual-cased-8,"0,8681876556950273"
2-seed11-epochs5-bert-base-multilingual-cased-8,"0,8619493144952681"
3-seed11-epochs5-bert-base-multilingual-cased-8,"0,8645299301151466"
4-seed11-epochs5-bert-base-multilingual-cased-8,"0,8755078384877518"
5-seed11-epochs5-bert-base-multilingual-cased-8,"0,7881204212865445"
6-seed11-epochs5-bert-base-multilingual-cased-8,"0,7320813842724772"
7-seed11-epochs5-bert-base-multilingual-cased-8,"0,7285393355152703"
8-seed11-epochs5-bert-base-multilingual-cased-8,"0,8310685676489196"
9-seed11-epochs5-bert-base-multilingual-cased-8,"0,9055058219058045"
10-seed11-epochs5-bert-base-multilingual-cased-8,"0,8261147931566185"
0-seed11-epochs5-bert-base-multilingual-cased-8,"0,8281605062578828"
1-seed17-epochs5-bert-base-multilingual-cased-8,"0,8755642712381919"
2-seed17-epochs5-bert-base-multilingual-cased-8,"0,8589082060117447"
3-seed17-epochs5-bert-base-multilingual-cased-8,"0,8567589264503676"
4-seed17-epochs5-bert-base-multilingual-cased-8,"0,8744946365268306"
5-seed17-epochs5-bert-base-multilingual-cased-8,"0,7774306453265817"
6-seed17-epochs5-bert-base-multilingual-cased-8,"0,7370957079856536"
7-seed17-epochs5-bert-base-multilingual-cased-8,"0,7516222801678405"
8-seed17-epochs5-bert-base-multilingual-cased-8,"0,884909320996824"
9-seed17-epochs5-bert-base-multilingual-cased-8,"0,8360632404595473"
10-seed17-epochs5-bert-base-multilingual-cased-8,"0,8555014287799141"
0-seed17-epochs5-bert-base-multilingual-cased-8,"0,8308348663943497"
1-seed23-epochs5-bert-base-multilingual-cased-8,"0,890018148204578"
2-seed23-epochs5-bert-base-multilingual-cased-8,"0,8605368544724288"
3-seed23-epochs5-bert-base-multilingual-cased-8,"0,8884638717160714"
4-seed23-epochs5-bert-base-multilingual-cased-8,"0,8660929796260308"
5-seed23-epochs5-bert-base-multilingual-cased-8,"0,7713393181232073"
6-seed23-epochs5-bert-base-multilingual-cased-8,"0,8605475070664944"
7-seed23-epochs5-bert-base-multilingual-cased-8,"0,7373942142649648"
8-seed23-epochs5-bert-base-multilingual-cased-8,"0,8901791443342517"
9-seed23-epochs5-bert-base-multilingual-cased-8,"0,8965398285228503"
10-seed23-epochs5-bert-base-multilingual-cased-8,"0,8468036978297879"
0-seed23-epochs5-bert-base-multilingual-cased-8,"0,8507915564160665"
1-seed47-epochs5-bert-base-multilingual-cased-8,"0,8760611557042418"
2-seed47-epochs5-bert-base-multilingual-cased-8,"0,8583167182092063"
3-seed47-epochs5-bert-base-multilingual-cased-8,"0,866213205945031"
4-seed47-epochs5-bert-base-multilingual-cased-8,"0,7665481817431254"
5-seed47-epochs5-bert-base-multilingual-cased-8,"0,7717036256269418"
6-seed47-epochs5-bert-base-multilingual-cased-8,"0,847230557314133"
7-seed47-epochs5-bert-base-multilingual-cased-8,"0,8720648196323287"
8-seed47-epochs5-bert-base-multilingual-cased-8,"0,8711508418329331"
9-seed47-epochs5-bert-base-multilingual-cased-8,"0,8854147049295813"
10-seed47-epochs5-bert-base-multilingual-cased-8,"0,8594616886837024"
0-seed47-epochs5-bert-base-multilingual-cased-8,"0,8474165499621226"
1-seed62-epochs5-bert-base-multilingual-cased-8,"0,8880418575846045"
2-seed62-epochs5-bert-base-multilingual-cased-8,"0,7467047645590987"
3-seed62-epochs5-bert-base-multilingual-cased-8,"0,8760549238558181"
4-seed62-epochs5-bert-base-multilingual-cased-8,"0,874972034939338"
5-seed62-epochs5-bert-base-multilingual-cased-8,"0,7945506427463653"
6-seed62-epochs5-bert-base-multilingual-cased-8,"0,7998594715193224"
7-seed62-epochs5-bert-base-multilingual-cased-8,"0,8614626263455862"
8-seed62-epochs5-bert-base-multilingual-cased-8,"0,879100963099779"
9-seed62-epochs5-bert-base-multilingual-cased-8,"0,8531409189389135"
10-seed62-epochs5-bert-base-multilingual-cased-8,"0,8344604103748219"
0-seed62-epochs5-bert-base-multilingual-cased-8,"0,8408348613963647"
0-mean-epochs5-bert-base-multilingual-cased-8,"0,8396076680853574"
1-seed11-epochs5-bert-base-multilingual-cased-6,"0,8375736296648577"
2-seed11-epochs5-bert-base-multilingual-cased-6,"0,9047065061732275"
3-seed11-epochs5-bert-base-multilingual-cased-6,"0,928410595350724"
4-seed11-epochs5-bert-base-multilingual-cased-6,"0,9018772207228578"
5-seed11-epochs5-bert-base-multilingual-cased-6,"0,7541400165147584"
6-seed11-epochs5-bert-base-multilingual-cased-6,"0,7438012756798336"
7-seed11-epochs5-bert-base-multilingual-cased-6,"0,7234354072170949"
8-seed11-epochs5-bert-base-multilingual-cased-6,"0,841199709512956"
9-seed11-epochs5-bert-base-multilingual-cased-6,"0,9238452030207593"
10-seed11-epochs5-bert-base-multilingual-cased-6,"0,8792600077457797"
0-seed11-epochs5-bert-base-multilingual-cased-6,"0,8438249571602847"
1-seed17-epochs5-bert-base-multilingual-cased-6,"0,827073245766788"
2-seed17-epochs5-bert-base-multilingual-cased-6,"0,8989768320877911"
3-seed17-epochs5-bert-base-multilingual-cased-6,"0,9130021893814997"
4-seed17-epochs5-bert-base-multilingual-cased-6,"0,8716051896761853"
5-seed17-epochs5-bert-base-multilingual-cased-6,"0,7492419398026341"
6-seed17-epochs5-bert-base-multilingual-cased-6,"0,747860899168893"
7-seed17-epochs5-bert-base-multilingual-cased-6,"0,9012974688770795"
8-seed17-epochs5-bert-base-multilingual-cased-6,"0,8940327421733514"
9-seed17-epochs5-bert-base-multilingual-cased-6,"0,9056708452306507"
10-seed17-epochs5-bert-base-multilingual-cased-6,"0,9017490668187691"
0-seed17-epochs5-bert-base-multilingual-cased-6,"0,8610510418983642"
1-seed23-epochs5-bert-base-multilingual-cased-6,"0,8555123712053782"
2-seed23-epochs5-bert-base-multilingual-cased-6,"0,901126770898433"
3-seed23-epochs5-bert-base-multilingual-cased-6,"0,9154961563571788"
4-seed23-epochs5-bert-base-multilingual-cased-6,"0,7506694345491649"
5-seed23-epochs5-bert-base-multilingual-cased-6,"0,7547354746872891"
6-seed23-epochs5-bert-base-multilingual-cased-6,"0,7408299245377507"
7-seed23-epochs5-bert-base-multilingual-cased-6,"0,7225466058208795"
8-seed23-epochs5-bert-base-multilingual-cased-6,"0,9097363031233999"
9-seed23-epochs5-bert-base-multilingual-cased-6,"0,7427893495468826"
10-seed23-epochs5-bert-base-multilingual-cased-6,"0,8814435317419784"
0-seed23-epochs5-bert-base-multilingual-cased-6,"0,8174885922468335"
1-seed47-epochs5-bert-base-multilingual-cased-6,"0,8379446100379353"
2-seed47-epochs5-bert-base-multilingual-cased-6,"0,8980111706929484"
3-seed47-epochs5-bert-base-multilingual-cased-6,"0,9088567237838415"
4-seed47-epochs5-bert-base-multilingual-cased-6,"0,8689021646559656"
5-seed47-epochs5-bert-base-multilingual-cased-6,"0,7388064921702338"
6-seed47-epochs5-bert-base-multilingual-cased-6,"0,7272779091502031"
7-seed47-epochs5-bert-base-multilingual-cased-6,"0,7505757724309475"
8-seed47-epochs5-bert-base-multilingual-cased-6,"0,9074998289014569"
9-seed47-epochs5-bert-base-multilingual-cased-6,"0,9148643859460236"
10-seed47-epochs5-bert-base-multilingual-cased-6,"0,900843953259254"
0-seed47-epochs5-bert-base-multilingual-cased-6,"0,845358301102881"
1-seed62-epochs5-bert-base-multilingual-cased-6,"0,8397055987997868"
2-seed62-epochs5-bert-base-multilingual-cased-6,"0,8981206325857929"
3-seed62-epochs5-bert-base-multilingual-cased-6,"0,9279210129427753"
4-seed62-epochs5-bert-base-multilingual-cased-6,"0,8674828187767103"
5-seed62-epochs5-bert-base-multilingual-cased-6,"0,7574075410084847"
6-seed62-epochs5-bert-base-multilingual-cased-6,"0,7528980727597717"
7-seed62-epochs5-bert-base-multilingual-cased-6,"0,7389291140492239"
8-seed62-epochs5-bert-base-multilingual-cased-6,"0,9045884392269935"
9-seed62-epochs5-bert-base-multilingual-cased-6,"0,9054848556073537"
10-seed62-epochs5-bert-base-multilingual-cased-6,"0,8767503253366155"
0-seed62-epochs5-bert-base-multilingual-cased-6,"0,8469288411093508"
0-mean-epochs5-bert-base-multilingual-cased-6,"0,8429303467035428"
1-seed11-epochs5-bert-base-multilingual-cased-2,"0,9365610993449245"
2-seed11-epochs5-bert-base-multilingual-cased-2,"0,9496089584073943"
3-seed11-epochs5-bert-base-multilingual-cased-2,"0,9443450606241304"
4-seed11-epochs5-bert-base-multilingual-cased-2,"0,8966836734693877"
5-seed11-epochs5-bert-base-multilingual-cased-2,"0,9354159354159355"
6-seed11-epochs5-bert-base-multilingual-cased-2,"0,9387795666865435"
7-seed11-epochs5-bert-base-multilingual-cased-2,"0,9481949936974904"
8-seed11-epochs5-bert-base-multilingual-cased-2,"0,9241839241839243"
9-seed11-epochs5-bert-base-multilingual-cased-2,"0,92890625"
10-seed11-epochs5-bert-base-multilingual-cased-2,"0,8966681287442604"
0-seed11-epochs5-bert-base-multilingual-cased-2,"0,9299347590573991"
1-seed17-epochs5-bert-base-multilingual-cased-2,"0,9347474267958484"
2-seed17-epochs5-bert-base-multilingual-cased-2,"0,9528336682172249"
3-seed17-epochs5-bert-base-multilingual-cased-2,"0,9502063756915782"
4-seed17-epochs5-bert-base-multilingual-cased-2,"0,9195397869587956"
5-seed17-epochs5-bert-base-multilingual-cased-2,"0,9525515713692372"
6-seed17-epochs5-bert-base-multilingual-cased-2,"0,9475939516327636"
7-seed17-epochs5-bert-base-multilingual-cased-2,"0,9318355180230137"
8-seed17-epochs5-bert-base-multilingual-cased-2,"0,9358050671466149"
9-seed17-epochs5-bert-base-multilingual-cased-2,"0,9259593777714904"
10-seed17-epochs5-bert-base-multilingual-cased-2,"0,9069164931760352"
0-seed17-epochs5-bert-base-multilingual-cased-2,"0,9357989236782602"
1-seed23-epochs5-bert-base-multilingual-cased-2,"0,9318355180230137"
2-seed23-epochs5-bert-base-multilingual-cased-2,"0,955739000614736"
3-seed23-epochs5-bert-base-multilingual-cased-2,"0,9559969442322384"
4-seed23-epochs5-bert-base-multilingual-cased-2,"0,9042360567788086"
5-seed23-epochs5-bert-base-multilingual-cased-2,"0,9310446732010047"
6-seed23-epochs5-bert-base-multilingual-cased-2,"0,9237181247932912"
7-seed23-epochs5-bert-base-multilingual-cased-2,"0,9329669569658504"
8-seed23-epochs5-bert-base-multilingual-cased-2,"0,9284950343773873"
9-seed23-epochs5-bert-base-multilingual-cased-2,"0,9225432510757883"
10-seed23-epochs5-bert-base-multilingual-cased-2,"0,8959597352454496"
0-seed23-epochs5-bert-base-multilingual-cased-2,"0,9282535295307568"
1-seed47-epochs5-bert-base-multilingual-cased-2,"0,929309712362169"
2-seed47-epochs5-bert-base-multilingual-cased-2,"0,9583826484269632"
3-seed47-epochs5-bert-base-multilingual-cased-2,"0,9459273882070207"
4-seed47-epochs5-bert-base-multilingual-cased-2,"0,9160149306789904"
5-seed47-epochs5-bert-base-multilingual-cased-2,"0,9417357077977485"
6-seed47-epochs5-bert-base-multilingual-cased-2,"0,9475939516327636"
7-seed47-epochs5-bert-base-multilingual-cased-2,"0,9453125000000001"
8-seed47-epochs5-bert-base-multilingual-cased-2,"0,9336085009221042"
9-seed47-epochs5-bert-base-multilingual-cased-2,"0,9125000000000001"
10-seed47-epochs5-bert-base-multilingual-cased-2,"0,9175097408289177"
0-seed47-epochs5-bert-base-multilingual-cased-2,"0,9347895080856677"
1-seed62-epochs5-bert-base-multilingual-cased-2,"0,9255282470570851"
2-seed62-epochs5-bert-base-multilingual-cased-2,"0,9525515713692372"
3-seed62-epochs5-bert-base-multilingual-cased-2,"0,9387795666865435"
4-seed62-epochs5-bert-base-multilingual-cased-2,"0,9155024030401252"
5-seed62-epochs5-bert-base-multilingual-cased-2,"0,944996180290298"
6-seed62-epochs5-bert-base-multilingual-cased-2,"0,9387795666865435"
7-seed62-epochs5-bert-base-multilingual-cased-2,"0,9475939516327636"
8-seed62-epochs5-bert-base-multilingual-cased-2,"0,9310446732010047"
9-seed62-epochs5-bert-base-multilingual-cased-2,"0,9310446732010047"
10-seed62-epochs5-bert-base-multilingual-cased-2,"0,9075197646626219"
0-seed62-epochs5-bert-base-multilingual-cased-2,"0,9333340597827225"
0-mean-epochs5-bert-base-multilingual-cased-2,"0,9324221560269612"
1-seed11-epochs1-xlm-roberta-base-8,"0,25946195667272554"
2-seed11-epochs1-xlm-roberta-base-8,"0,6459655094508444"
3-seed11-epochs1-xlm-roberta-base-8,"0,6912751659062609"
4-seed11-epochs1-xlm-roberta-base-8,"0,6549373563307855"
5-seed11-epochs1-xlm-roberta-base-8,"0,6267463232982469"
6-seed11-epochs1-xlm-roberta-base-8,"0,6590203519656184"
7-seed11-epochs1-xlm-roberta-base-8,"0,5598269853109834"
8-seed11-epochs1-xlm-roberta-base-8,"0,35462024383455093"
9-seed11-epochs1-xlm-roberta-base-8,"0,6559621616163198"
10-seed11-epochs1-xlm-roberta-base-8,"0,7513921468952832"
0-seed11-epochs1-xlm-roberta-base-8,"0,5859208201281619"
1-seed17-epochs1-xlm-roberta-base-8,"0,7503967844857238"
2-seed17-epochs1-xlm-roberta-base-8,"0,7763387218818106"
3-seed17-epochs1-xlm-roberta-base-8,"0,4183280641425238"
4-seed17-epochs1-xlm-roberta-base-8,"0,7579891133998683"
5-seed17-epochs1-xlm-roberta-base-8,"0,6067740329613853"
6-seed17-epochs1-xlm-roberta-base-8,"0,6536275173822199"
7-seed17-epochs1-xlm-roberta-base-8,"0,5607913216360085"
8-seed17-epochs1-xlm-roberta-base-8,"0,6357518831081942"
9-seed17-epochs1-xlm-roberta-base-8,"0,4647972859951518"
10-seed17-epochs1-xlm-roberta-base-8,"0,6890045857915359"
0-seed17-epochs1-xlm-roberta-base-8,"0,6313799310784423"
1-seed23-epochs1-xlm-roberta-base-8,"0,28919155958971476"
2-seed23-epochs1-xlm-roberta-base-8,"0,61188236768031"
3-seed23-epochs1-xlm-roberta-base-8,"0,5838254182024285"
4-seed23-epochs1-xlm-roberta-base-8,"0,764178529366913"
5-seed23-epochs1-xlm-roberta-base-8,"0,6119918959153504"
6-seed23-epochs1-xlm-roberta-base-8,"0,5849189104034065"
7-seed23-epochs1-xlm-roberta-base-8,"0,41264565176203105"
8-seed23-epochs1-xlm-roberta-base-8,"0,6548026284966033"
9-seed23-epochs1-xlm-roberta-base-8,"0,6153092223518442"
10-seed23-epochs1-xlm-roberta-base-8,"0,7379704710507736"
0-seed23-epochs1-xlm-roberta-base-8,"0,5866716654819375"
1-seed47-epochs1-xlm-roberta-base-8,"0,774516405925067"
2-seed47-epochs1-xlm-roberta-base-8,"0,5964467345164483"
3-seed47-epochs1-xlm-roberta-base-8,"0,7544509625258193"
4-seed47-epochs1-xlm-roberta-base-8,"0,7919893289531087"
5-seed47-epochs1-xlm-roberta-base-8,"0,6784662347993365"
6-seed47-epochs1-xlm-roberta-base-8,"0,6465130069785598"
7-seed47-epochs1-xlm-roberta-base-8,"0,24744939622100676"
8-seed47-epochs1-xlm-roberta-base-8,"0,36344385863421613"
9-seed47-epochs1-xlm-roberta-base-8,"0,40758992116631704"
10-seed47-epochs1-xlm-roberta-base-8,"0,6448785089115964"
0-seed47-epochs1-xlm-roberta-base-8,"0,5905744358631477"
1-seed62-epochs1-xlm-roberta-base-8,"0,22836605433867577"
2-seed62-epochs1-xlm-roberta-base-8,"0,6501690411166372"
3-seed62-epochs1-xlm-roberta-base-8,"0,7754935232045144"
4-seed62-epochs1-xlm-roberta-base-8,"0,7545180816464615"
5-seed62-epochs1-xlm-roberta-base-8,"0,6789942761731742"
6-seed62-epochs1-xlm-roberta-base-8,"0,6726480053266217"
7-seed62-epochs1-xlm-roberta-base-8,"0,6627088482965406"
8-seed62-epochs1-xlm-roberta-base-8,"0,6411255515321068"
9-seed62-epochs1-xlm-roberta-base-8,"0,6387404118783184"
10-seed62-epochs1-xlm-roberta-base-8,"0,3788091365731117"
0-seed62-epochs1-xlm-roberta-base-8,"0,6081572930086162"
0-mean-epochs1-xlm-roberta-base-8,"0,6005408291120612"
1-seed11-epochs1-xlm-roberta-base-6,"0,323127982210104"
2-seed11-epochs1-xlm-roberta-base-6,"0,772243755292757"
3-seed11-epochs1-xlm-roberta-base-6,"0,7678549696772"
4-seed11-epochs1-xlm-roberta-base-6,"0,7174409498547429"
5-seed11-epochs1-xlm-roberta-base-6,"0,6633467468761586"
6-seed11-epochs1-xlm-roberta-base-6,"0,6794345448102305"
7-seed11-epochs1-xlm-roberta-base-6,"0,5308284556815203"
8-seed11-epochs1-xlm-roberta-base-6,"0,43671269489909287"
9-seed11-epochs1-xlm-roberta-base-6,"0,6098661252064628"
10-seed11-epochs1-xlm-roberta-base-6,"0,7498791842735621"
0-seed11-epochs1-xlm-roberta-base-6,"0,625073540878183"
1-seed17-epochs1-xlm-roberta-base-6,"0,6663244556972548"
2-seed17-epochs1-xlm-roberta-base-6,"0,7547050668533444"
3-seed17-epochs1-xlm-roberta-base-6,"0,8458452812077315"
4-seed17-epochs1-xlm-roberta-base-6,"0,6830873327054485"
5-seed17-epochs1-xlm-roberta-base-6,"0,6672358561360534"
6-seed17-epochs1-xlm-roberta-base-6,"0,39317194990137505"
7-seed17-epochs1-xlm-roberta-base-6,"0,6257297159548202"
8-seed17-epochs1-xlm-roberta-base-6,"0,4803113707451861"
9-seed17-epochs1-xlm-roberta-base-6,"0,6264890305715781"
10-seed17-epochs1-xlm-roberta-base-6,"0,42377823826940036"
0-seed17-epochs1-xlm-roberta-base-6,"0,6166678298042193"
1-seed23-epochs1-xlm-roberta-base-6,"0,33978494623655914"
2-seed23-epochs1-xlm-roberta-base-6,"0,46743389889457304"
3-seed23-epochs1-xlm-roberta-base-6,"0,8433775573446012"
4-seed23-epochs1-xlm-roberta-base-6,"0,7895331311576312"
5-seed23-epochs1-xlm-roberta-base-6,"0,6841996010024675"
6-seed23-epochs1-xlm-roberta-base-6,"0,5043187659369325"
7-seed23-epochs1-xlm-roberta-base-6,"0,6730275747284992"
8-seed23-epochs1-xlm-roberta-base-6,"0,6582245866815962"
9-seed23-epochs1-xlm-roberta-base-6,"0,6262526394872193"
10-seed23-epochs1-xlm-roberta-base-6,"0,6386783358074064"
0-seed23-epochs1-xlm-roberta-base-6,"0,6224831037277486"
1-seed47-epochs1-xlm-roberta-base-6,"0,6968202668921828"
2-seed47-epochs1-xlm-roberta-base-6,"0,6110884282156512"
3-seed47-epochs1-xlm-roberta-base-6,"0,8456948933419521"
4-seed47-epochs1-xlm-roberta-base-6,"0,5653351744322643"
5-seed47-epochs1-xlm-roberta-base-6,"0,6449619437736211"
6-seed47-epochs1-xlm-roberta-base-6,"0,6941122891494144"
7-seed47-epochs1-xlm-roberta-base-6,"0,6006431442631247"
8-seed47-epochs1-xlm-roberta-base-6,"0,6312838253502652"
9-seed47-epochs1-xlm-roberta-base-6,"0,6221434874392598"
10-seed47-epochs1-xlm-roberta-base-6,"0,763677135998815"
0-seed47-epochs1-xlm-roberta-base-6,"0,6675760588856552"
1-seed62-epochs1-xlm-roberta-base-6,"0,5504564470342148"
2-seed62-epochs1-xlm-roberta-base-6,"0,47510251192175684"
3-seed62-epochs1-xlm-roberta-base-6,"0,7868636458491716"
4-seed62-epochs1-xlm-roberta-base-6,"0,6963772508642818"
5-seed62-epochs1-xlm-roberta-base-6,"0,675051198204578"
6-seed62-epochs1-xlm-roberta-base-6,"0,5852354333142927"
7-seed62-epochs1-xlm-roberta-base-6,"0,4771211443746655"
8-seed62-epochs1-xlm-roberta-base-6,"0,43527987429010734"
9-seed62-epochs1-xlm-roberta-base-6,"0,6776329644647369"
10-seed62-epochs1-xlm-roberta-base-6,"0,7822586089423782"
0-seed62-epochs1-xlm-roberta-base-6,"0,6141379079260183"
0-mean-epochs1-xlm-roberta-base-6,"0,6291876882443649"
1-seed11-epochs1-xlm-roberta-base-2,"0,9085845976570002"
2-seed11-epochs1-xlm-roberta-base-2,"0,9180676155187202"
3-seed11-epochs1-xlm-roberta-base-2,"0,9398437499999999"
4-seed11-epochs1-xlm-roberta-base-2,"0,9053866030610217"
5-seed11-epochs1-xlm-roberta-base-2,"0,8936189121933878"
6-seed11-epochs1-xlm-roberta-base-2,"0,8777575343933848"
7-seed11-epochs1-xlm-roberta-base-2,"0,8923076923076922"
8-seed11-epochs1-xlm-roberta-base-2,"0,8704407186312874"
9-seed11-epochs1-xlm-roberta-base-2,"0,88515625"
10-seed11-epochs1-xlm-roberta-base-2,"0,8934132833931814"
0-seed11-epochs1-xlm-roberta-base-2,"0,8984576957155677"
1-seed17-epochs1-xlm-roberta-base-2,"0,8954284528667267"
2-seed17-epochs1-xlm-roberta-base-2,"0,909505906165155"
3-seed17-epochs1-xlm-roberta-base-2,"0,9234374999999999"
4-seed17-epochs1-xlm-roberta-base-2,"0,8911477225529558"
5-seed17-epochs1-xlm-roberta-base-2,"0,832806524501305"
6-seed17-epochs1-xlm-roberta-base-2,"0,888047138047138"
7-seed17-epochs1-xlm-roberta-base-2,"0,9229946524064171"
8-seed17-epochs1-xlm-roberta-base-2,"0,878687848153497"
9-seed17-epochs1-xlm-roberta-base-2,"0,8152940226472287"
10-seed17-epochs1-xlm-roberta-base-2,"0,8820105502610289"
0-seed17-epochs1-xlm-roberta-base-2,"0,8839360317601452"
1-seed23-epochs1-xlm-roberta-base-2,"0,9100228837903779"
2-seed23-epochs1-xlm-roberta-base-2,"0,4324324324324324"
3-seed23-epochs1-xlm-roberta-base-2,"0,9502063756915782"
4-seed23-epochs1-xlm-roberta-base-2,"0,8196779964221825"
5-seed23-epochs1-xlm-roberta-base-2,"0,8946463825339681"
6-seed23-epochs1-xlm-roberta-base-2,"0,9024234693877551"
7-seed23-epochs1-xlm-roberta-base-2,"0,9297999297999298"
8-seed23-epochs1-xlm-roberta-base-2,"0,9185679185679185"
9-seed23-epochs1-xlm-roberta-base-2,"0,7869997161510076"
10-seed23-epochs1-xlm-roberta-base-2,"0,8671353824192252"
0-seed23-epochs1-xlm-roberta-base-2,"0,8411912487196375"
1-seed47-epochs1-xlm-roberta-base-2,"0,9075588546274518"
2-seed47-epochs1-xlm-roberta-base-2,"0,9369283588423808"
3-seed47-epochs1-xlm-roberta-base-2,"0,9475939516327636"
4-seed47-epochs1-xlm-roberta-base-2,"0,8267607356959341"
5-seed47-epochs1-xlm-roberta-base-2,"0,8967298906271632"
6-seed47-epochs1-xlm-roberta-base-2,"0,9034625424814067"
7-seed47-epochs1-xlm-roberta-base-2,"0,9114780012294721"
8-seed47-epochs1-xlm-roberta-base-2,"0,4317925591882751"
9-seed47-epochs1-xlm-roberta-base-2,"0,8827570909995834"
10-seed47-epochs1-xlm-roberta-base-2,"0,8782082324455205"
0-seed47-epochs1-xlm-roberta-base-2,"0,8523270217769952"
1-seed62-epochs1-xlm-roberta-base-2,"0,8680238680238681"
2-seed62-epochs1-xlm-roberta-base-2,"0,8948146226175637"
3-seed62-epochs1-xlm-roberta-base-2,"0,95078125"
4-seed62-epochs1-xlm-roberta-base-2,"0,7933673469387755"
5-seed62-epochs1-xlm-roberta-base-2,"0,8061538461538462"
6-seed62-epochs1-xlm-roberta-base-2,"0,8601116130746745"
7-seed62-epochs1-xlm-roberta-base-2,"0,9119938884644767"
8-seed62-epochs1-xlm-roberta-base-2,"0,8929697105174919"
9-seed62-epochs1-xlm-roberta-base-2,"0,8669755711311182"
10-seed62-epochs1-xlm-roberta-base-2,"0,8059677785341501"
0-seed62-epochs1-xlm-roberta-base-2,"0,8651159495455966"
0-mean-epochs1-xlm-roberta-base-2,"0,8682055895035884"
1-seed11-epochs3-xlm-roberta-base-8,"0,8496063994398833"
2-seed11-epochs3-xlm-roberta-base-8,"0,7380229997373762"
3-seed11-epochs3-xlm-roberta-base-8,"0,8497463042062552"
4-seed11-epochs3-xlm-roberta-base-8,"0,7330610873063703"
5-seed11-epochs3-xlm-roberta-base-8,"0,7723076944929209"
6-seed11-epochs3-xlm-roberta-base-8,"0,7332039303495796"
7-seed11-epochs3-xlm-roberta-base-8,"0,7255726530371951"
8-seed11-epochs3-xlm-roberta-base-8,"0,743122356234852"
9-seed11-epochs3-xlm-roberta-base-8,"0,8115296219181865"
10-seed11-epochs3-xlm-roberta-base-8,"0,7385916331917811"
0-seed11-epochs3-xlm-roberta-base-8,"0,7694764679914401"
1-seed17-epochs3-xlm-roberta-base-8,"0,8556487844721753"
2-seed17-epochs3-xlm-roberta-base-8,"0,8444429169927669"
3-seed17-epochs3-xlm-roberta-base-8,"0,8622594483210688"
4-seed17-epochs3-xlm-roberta-base-8,"0,8480379940307196"
5-seed17-epochs3-xlm-roberta-base-8,"0,7671504815192177"
6-seed17-epochs3-xlm-roberta-base-8,"0,7193322448857902"
7-seed17-epochs3-xlm-roberta-base-8,"0,7317898379933941"
8-seed17-epochs3-xlm-roberta-base-8,"0,7323455329494757"
9-seed17-epochs3-xlm-roberta-base-8,"0,8681888576685504"
10-seed17-epochs3-xlm-roberta-base-8,"0,8506026464080867"
0-seed17-epochs3-xlm-roberta-base-8,"0,8079798745241245"
1-seed23-epochs3-xlm-roberta-base-8,"0,8609826238000202"
2-seed23-epochs3-xlm-roberta-base-8,"0,8619906443744335"
3-seed23-epochs3-xlm-roberta-base-8,"0,84942857652426"
4-seed23-epochs3-xlm-roberta-base-8,"0,8471101231978302"
5-seed23-epochs3-xlm-roberta-base-8,"0,7344788806301624"
6-seed23-epochs3-xlm-roberta-base-8,"0,8385723013466875"
7-seed23-epochs3-xlm-roberta-base-8,"0,7320101917362192"
8-seed23-epochs3-xlm-roberta-base-8,"0,4966327203028229"
9-seed23-epochs3-xlm-roberta-base-8,"0,5563361946959264"
10-seed23-epochs3-xlm-roberta-base-8,"0,8536150524017698"
0-seed23-epochs3-xlm-roberta-base-8,"0,7631157309010131"
1-seed47-epochs3-xlm-roberta-base-8,"0,7500557785636197"
2-seed47-epochs3-xlm-roberta-base-8,"0,8458430695823305"
3-seed47-epochs3-xlm-roberta-base-8,"0,8698955376608147"
4-seed47-epochs3-xlm-roberta-base-8,"0,8278860329910768"
5-seed47-epochs3-xlm-roberta-base-8,"0,7693715082923597"
6-seed47-epochs3-xlm-roberta-base-8,"0,7173301145199369"
7-seed47-epochs3-xlm-roberta-base-8,"0,7284312362699833"
8-seed47-epochs3-xlm-roberta-base-8,"0,7565040285975002"
9-seed47-epochs3-xlm-roberta-base-8,"0,7253802586960869"
10-seed47-epochs3-xlm-roberta-base-8,"0,8614131011689955"
0-seed47-epochs3-xlm-roberta-base-8,"0,7852110666342705"
1-seed62-epochs3-xlm-roberta-base-8,"0,8476739238619809"
2-seed62-epochs3-xlm-roberta-base-8,"0,8538738422149341"
3-seed62-epochs3-xlm-roberta-base-8,"0,8477401999755868"
4-seed62-epochs3-xlm-roberta-base-8,"0,27999966564875284"
5-seed62-epochs3-xlm-roberta-base-8,"0,773149535780176"
6-seed62-epochs3-xlm-roberta-base-8,"0,6972585074940147"
7-seed62-epochs3-xlm-roberta-base-8,"0,7323048768214084"
8-seed62-epochs3-xlm-roberta-base-8,"0,8625201785531718"
9-seed62-epochs3-xlm-roberta-base-8,"0,8615768590614434"
10-seed62-epochs3-xlm-roberta-base-8,"0,8642698543975175"
0-seed62-epochs3-xlm-roberta-base-8,"0,7620367443808986"
0-mean-epochs3-xlm-roberta-base-8,"0,7775639768863494"
1-seed11-epochs3-xlm-roberta-base-6,"0,8568771304375019"
2-seed11-epochs3-xlm-roberta-base-6,"0,8871060707297641"
3-seed11-epochs3-xlm-roberta-base-6,"0,8911971490390733"
4-seed11-epochs3-xlm-roberta-base-6,"0,7138633052471173"
5-seed11-epochs3-xlm-roberta-base-6,"0,7469127310204803"
6-seed11-epochs3-xlm-roberta-base-6,"0,7374145790704638"
7-seed11-epochs3-xlm-roberta-base-6,"0,7192677901355108"
8-seed11-epochs3-xlm-roberta-base-6,"0,9117350520183728"
9-seed11-epochs3-xlm-roberta-base-6,"0,7053766890208154"
10-seed11-epochs3-xlm-roberta-base-6,"0,8189438540566354"
0-seed11-epochs3-xlm-roberta-base-6,"0,7988694350775736"
1-seed17-epochs3-xlm-roberta-base-6,"0,6992805421550337"
2-seed17-epochs3-xlm-roberta-base-6,"0,8880563738822422"
3-seed17-epochs3-xlm-roberta-base-6,"0,7762143282028696"
4-seed17-epochs3-xlm-roberta-base-6,"0,6934626150589716"
5-seed17-epochs3-xlm-roberta-base-6,"0,759590665664112"
6-seed17-epochs3-xlm-roberta-base-6,"0,7442833021105096"
7-seed17-epochs3-xlm-roberta-base-6,"0,7251343021104361"
8-seed17-epochs3-xlm-roberta-base-6,"0,7253028835188459"
9-seed17-epochs3-xlm-roberta-base-6,"0,7102648100248307"
10-seed17-epochs3-xlm-roberta-base-6,"0,8900597396154921"
0-seed17-epochs3-xlm-roberta-base-6,"0,7611649562343343"
1-seed23-epochs3-xlm-roberta-base-6,"0,5673530948570538"
2-seed23-epochs3-xlm-roberta-base-6,"0,37174808056081005"
3-seed23-epochs3-xlm-roberta-base-6,"0,9139528819165654"
4-seed23-epochs3-xlm-roberta-base-6,"0,6822320080444936"
5-seed23-epochs3-xlm-roberta-base-6,"0,749307065483536"
6-seed23-epochs3-xlm-roberta-base-6,"0,7475125678727103"
7-seed23-epochs3-xlm-roberta-base-6,"0,7223860307278929"
8-seed23-epochs3-xlm-roberta-base-6,"0,8573490137077545"
9-seed23-epochs3-xlm-roberta-base-6,"0,905420433631836"
10-seed23-epochs3-xlm-roberta-base-6,"0,9009667280834265"
0-seed23-epochs3-xlm-roberta-base-6,"0,7418227904886079"
1-seed47-epochs3-xlm-roberta-base-6,"0,8655717443075369"
2-seed47-epochs3-xlm-roberta-base-6,"0,899567476361414"
3-seed47-epochs3-xlm-roberta-base-6,"0,9064101850659034"
4-seed47-epochs3-xlm-roberta-base-6,"0,7191975742285787"
5-seed47-epochs3-xlm-roberta-base-6,"0,7503775825183668"
6-seed47-epochs3-xlm-roberta-base-6,"0,7314539314971334"
7-seed47-epochs3-xlm-roberta-base-6,"0,7078775203775205"
8-seed47-epochs3-xlm-roberta-base-6,"0,7341033009136457"
9-seed47-epochs3-xlm-roberta-base-6,"0,7196760161313186"
10-seed47-epochs3-xlm-roberta-base-6,"0,737599582694636"
0-seed47-epochs3-xlm-roberta-base-6,"0,7771834914096055"
1-seed62-epochs3-xlm-roberta-base-6,"0,8297751510026193"
2-seed62-epochs3-xlm-roberta-base-6,"0,8960340184340616"
3-seed62-epochs3-xlm-roberta-base-6,"0,7887361797948722"
4-seed62-epochs3-xlm-roberta-base-6,"0,47530247530247527"
5-seed62-epochs3-xlm-roberta-base-6,"0,7193371880012157"
6-seed62-epochs3-xlm-roberta-base-6,"0,7426082749492781"
7-seed62-epochs3-xlm-roberta-base-6,"0,7163815559893991"
8-seed62-epochs3-xlm-roberta-base-6,"0,840668189197601"
9-seed62-epochs3-xlm-roberta-base-6,"0,691257310875575"
10-seed62-epochs3-xlm-roberta-base-6,"0,8904785327666683"
0-seed62-epochs3-xlm-roberta-base-6,"0,7590578876313765"
0-mean-epochs3-xlm-roberta-base-6,"0,7676197121682996"
1-seed11-epochs3-xlm-roberta-base-2,"0,9300941040906472"
2-seed11-epochs3-xlm-roberta-base-2,"0,9544175307367782"
3-seed11-epochs3-xlm-roberta-base-2,"0,9246407309982002"
4-seed11-epochs3-xlm-roberta-base-2,"0,904569725232219"
5-seed11-epochs3-xlm-roberta-base-2,"0,8934734797635029"
6-seed11-epochs3-xlm-roberta-base-2,"0,908743181766743"
7-seed11-epochs3-xlm-roberta-base-2,"0,90703125"
8-seed11-epochs3-xlm-roberta-base-2,"0,9478973399132711"
9-seed11-epochs3-xlm-roberta-base-2,"0,9149797570850202"
10-seed11-epochs3-xlm-roberta-base-2,"0,8289362192696774"
0-seed11-epochs3-xlm-roberta-base-2,"0,9114783318856059"
1-seed17-epochs3-xlm-roberta-base-2,"0,7697146469546278"
2-seed17-epochs3-xlm-roberta-base-2,"0,9459273882070209"
3-seed17-epochs3-xlm-roberta-base-2,"0,8567918567918569"
4-seed17-epochs3-xlm-roberta-base-2,"0,90703125"
5-seed17-epochs3-xlm-roberta-base-2,"0,8986028836481502"
6-seed17-epochs3-xlm-roberta-base-2,"0,9081632653061225"
7-seed17-epochs3-xlm-roberta-base-2,"0,9411714770797962"
8-seed17-epochs3-xlm-roberta-base-2,"0,9211355761707833"
9-seed17-epochs3-xlm-roberta-base-2,"0,8899923605805958"
10-seed17-epochs3-xlm-roberta-base-2,"0,9017397499540356"
0-seed17-epochs3-xlm-roberta-base-2,"0,8940270454692989"
1-seed23-epochs3-xlm-roberta-base-2,"0,9242983434898293"
2-seed23-epochs3-xlm-roberta-base-2,"0,95625"
3-seed23-epochs3-xlm-roberta-base-2,"0,9645544693719671"
4-seed23-epochs3-xlm-roberta-base-2,"0,8821548821548821"
5-seed23-epochs3-xlm-roberta-base-2,"0,9144467329063213"
6-seed23-epochs3-xlm-roberta-base-2,"0,9129519129519129"
7-seed23-epochs3-xlm-roberta-base-2,"0,9433813892529489"
8-seed23-epochs3-xlm-roberta-base-2,"0,9306377473782721"
9-seed23-epochs3-xlm-roberta-base-2,"0,9259593777714904"
10-seed23-epochs3-xlm-roberta-base-2,"0,9086907193101883"
0-seed23-epochs3-xlm-roberta-base-2,"0,9263325574587812"
1-seed47-epochs3-xlm-roberta-base-2,"0,9284950343773875"
2-seed47-epochs3-xlm-roberta-base-2,"0,9481949936974904"
3-seed47-epochs3-xlm-roberta-base-2,"0,9284802043422733"
4-seed47-epochs3-xlm-roberta-base-2,"0,9028928463295808"
5-seed47-epochs3-xlm-roberta-base-2,"0,9067665969695781"
6-seed47-epochs3-xlm-roberta-base-2,"0,9023120587013707"
7-seed47-epochs3-xlm-roberta-base-2,"0,9354714806990589"
8-seed47-epochs3-xlm-roberta-base-2,"0,9259593777714904"
9-seed47-epochs3-xlm-roberta-base-2,"0,9105301379811184"
10-seed47-epochs3-xlm-roberta-base-2,"0,9004427906555904"
0-seed47-epochs3-xlm-roberta-base-2,"0,918954552152494"
1-seed62-epochs3-xlm-roberta-base-2,"0,9007910963094585"
2-seed62-epochs3-xlm-roberta-base-2,"0,9394957983193277"
3-seed62-epochs3-xlm-roberta-base-2,"0,9567419105656167"
4-seed62-epochs3-xlm-roberta-base-2,"0,8782822516905242"
5-seed62-epochs3-xlm-roberta-base-2,"0,9125000000000001"
6-seed62-epochs3-xlm-roberta-base-2,"0,9017199017199017"
7-seed62-epochs3-xlm-roberta-base-2,"0,812490034546904"
8-seed62-epochs3-xlm-roberta-base-2,"0,8985369250942647"
9-seed62-epochs3-xlm-roberta-base-2,"0,908441826539319"
10-seed62-epochs3-xlm-roberta-base-2,"0,9175097408289177"
0-seed62-epochs3-xlm-roberta-base-2,"0,9026509485614234"
0-mean-epochs3-xlm-roberta-base-2,"0,9106886871055208"
1-seed11-epochs5-xlm-roberta-base-8,"0,7776142948761997"
2-seed11-epochs5-xlm-roberta-base-8,"0,8551130509679338"
3-seed11-epochs5-xlm-roberta-base-8,"0,8866210301749582"
4-seed11-epochs5-xlm-roberta-base-8,"0,8503905086606129"
5-seed11-epochs5-xlm-roberta-base-8,"0,7529060396281704"
6-seed11-epochs5-xlm-roberta-base-8,"0,7240531745832672"
7-seed11-epochs5-xlm-roberta-base-8,"0,7311538850608013"
8-seed11-epochs5-xlm-roberta-base-8,"0,8727750132185585"
9-seed11-epochs5-xlm-roberta-base-8,"0,8512625722572318"
10-seed11-epochs5-xlm-roberta-base-8,"0,8485045074635013"
0-seed11-epochs5-xlm-roberta-base-8,"0,8150394076891235"
1-seed17-epochs5-xlm-roberta-base-8,"0,8521215098405739"
2-seed17-epochs5-xlm-roberta-base-8,"0,8443358283694419"
3-seed17-epochs5-xlm-roberta-base-8,"0,8838892892769623"
4-seed17-epochs5-xlm-roberta-base-8,"0,8506600250972374"
5-seed17-epochs5-xlm-roberta-base-8,"0,7571434489951092"
6-seed17-epochs5-xlm-roberta-base-8,"0,7303823528189816"
7-seed17-epochs5-xlm-roberta-base-8,"0,7434812433884145"
8-seed17-epochs5-xlm-roberta-base-8,"0,8205954737906065"
9-seed17-epochs5-xlm-roberta-base-8,"0,8271230408489139"
10-seed17-epochs5-xlm-roberta-base-8,"0,8458352141224654"
0-seed17-epochs5-xlm-roberta-base-8,"0,8155567426548707"
1-seed23-epochs5-xlm-roberta-base-8,"0,8583694051855211"
2-seed23-epochs5-xlm-roberta-base-8,"0,7519508392222283"
3-seed23-epochs5-xlm-roberta-base-8,"0,8878201072673797"
4-seed23-epochs5-xlm-roberta-base-8,"0,855339563489993"
5-seed23-epochs5-xlm-roberta-base-8,"0,7672226530935158"
6-seed23-epochs5-xlm-roberta-base-8,"0,7266115274664653"
7-seed23-epochs5-xlm-roberta-base-8,"0,723157748061748"
8-seed23-epochs5-xlm-roberta-base-8,"0,8849047354339741"
9-seed23-epochs5-xlm-roberta-base-8,"0,8848245497541248"
10-seed23-epochs5-xlm-roberta-base-8,"0,8782760123454659"
0-seed23-epochs5-xlm-roberta-base-8,"0,8218477141320417"
1-seed47-epochs5-xlm-roberta-base-8,"0,8644498262419678"
2-seed47-epochs5-xlm-roberta-base-8,"0,8592833468288725"
3-seed47-epochs5-xlm-roberta-base-8,"0,8743405065144196"
4-seed47-epochs5-xlm-roberta-base-8,"0,7399439396999049"
5-seed47-epochs5-xlm-roberta-base-8,"0,7768889334251368"
6-seed47-epochs5-xlm-roberta-base-8,"0,7025691830903024"
7-seed47-epochs5-xlm-roberta-base-8,"0,7383037305826912"
8-seed47-epochs5-xlm-roberta-base-8,"0,877510760177214"
9-seed47-epochs5-xlm-roberta-base-8,"0,7455697054993115"
10-seed47-epochs5-xlm-roberta-base-8,"0,8588743131199753"
0-seed47-epochs5-xlm-roberta-base-8,"0,8037734245179795"
1-seed62-epochs5-xlm-roberta-base-8,"0,862071566028141"
2-seed62-epochs5-xlm-roberta-base-8,"0,8633713197676919"
3-seed62-epochs5-xlm-roberta-base-8,"0,8655788636852474"
4-seed62-epochs5-xlm-roberta-base-8,"0,8356174786091994"
5-seed62-epochs5-xlm-roberta-base-8,"0,7712336294380052"
6-seed62-epochs5-xlm-roberta-base-8,"0,7045136774284564"
7-seed62-epochs5-xlm-roberta-base-8,"0,7169797925910613"
8-seed62-epochs5-xlm-roberta-base-8,"0,8734742362337127"
9-seed62-epochs5-xlm-roberta-base-8,"0,7486838224130147"
10-seed62-epochs5-xlm-roberta-base-8,"0,8516424636639633"
0-seed62-epochs5-xlm-roberta-base-8,"0,8093166849858495"
0-mean-epochs5-xlm-roberta-base-8,"0,813106794795973"
1-seed11-epochs5-xlm-roberta-base-6,"0,8650540033514258"
2-seed11-epochs5-xlm-roberta-base-6,"0,9017205072698223"
3-seed11-epochs5-xlm-roberta-base-6,"0,9180969666194843"
4-seed11-epochs5-xlm-roberta-base-6,"0,7174118588912747"
5-seed11-epochs5-xlm-roberta-base-6,"0,7487364129922877"
6-seed11-epochs5-xlm-roberta-base-6,"0,7400940734647592"
7-seed11-epochs5-xlm-roberta-base-6,"0,7217347956131605"
8-seed11-epochs5-xlm-roberta-base-6,"0,9058720625387293"
9-seed11-epochs5-xlm-roberta-base-6,"0,9174910875694781"
10-seed11-epochs5-xlm-roberta-base-6,"0,9028364334510643"
0-seed11-epochs5-xlm-roberta-base-6,"0,8339048201761485"
1-seed17-epochs5-xlm-roberta-base-6,"0,8640531191055661"
2-seed17-epochs5-xlm-roberta-base-6,"0,90204291694033"
3-seed17-epochs5-xlm-roberta-base-6,"0,9142326809678851"
4-seed17-epochs5-xlm-roberta-base-6,"0,6306469135397419"
5-seed17-epochs5-xlm-roberta-base-6,"0,7414428785137157"
6-seed17-epochs5-xlm-roberta-base-6,"0,9089209177743177"
7-seed17-epochs5-xlm-roberta-base-6,"0,7163146377849716"
8-seed17-epochs5-xlm-roberta-base-6,"0,7368899333409042"
9-seed17-epochs5-xlm-roberta-base-6,"0,902747228995929"
10-seed17-epochs5-xlm-roberta-base-6,"0,895538663600359"
0-seed17-epochs5-xlm-roberta-base-6,"0,8212829890563722"
1-seed23-epochs5-xlm-roberta-base-6,"0,841436772362157"
2-seed23-epochs5-xlm-roberta-base-6,"0,897347562594337"
3-seed23-epochs5-xlm-roberta-base-6,"0,9362078018737792"
4-seed23-epochs5-xlm-roberta-base-6,"0,8368979637132533"
5-seed23-epochs5-xlm-roberta-base-6,"0,7335329255929729"
6-seed23-epochs5-xlm-roberta-base-6,"0,7522680390565198"
7-seed23-epochs5-xlm-roberta-base-6,"0,7184278413493496"
8-seed23-epochs5-xlm-roberta-base-6,"0,9035771305604351"
9-seed23-epochs5-xlm-roberta-base-6,"0,9109698576786535"
10-seed23-epochs5-xlm-roberta-base-6,"0,9084573531944521"
0-seed23-epochs5-xlm-roberta-base-6,"0,8439123247975908"
1-seed47-epochs5-xlm-roberta-base-6,"0,8522196808040701"
2-seed47-epochs5-xlm-roberta-base-6,"0,8837809787876738"
3-seed47-epochs5-xlm-roberta-base-6,"0,9366262286200758"
4-seed47-epochs5-xlm-roberta-base-6,"0,8718114731272626"
5-seed47-epochs5-xlm-roberta-base-6,"0,7527701791926235"
6-seed47-epochs5-xlm-roberta-base-6,"0,7322647548615985"
7-seed47-epochs5-xlm-roberta-base-6,"0,7417693739807216"
8-seed47-epochs5-xlm-roberta-base-6,"0,7354328524125081"
9-seed47-epochs5-xlm-roberta-base-6,"0,9012741496536719"
10-seed47-epochs5-xlm-roberta-base-6,"0,8999520858063341"
0-seed47-epochs5-xlm-roberta-base-6,"0,8307901757246541"
1-seed62-epochs5-xlm-roberta-base-6,"0,8525487366663838"
2-seed62-epochs5-xlm-roberta-base-6,"0,9221978865020095"
3-seed62-epochs5-xlm-roberta-base-6,"0,7541180052863549"
4-seed62-epochs5-xlm-roberta-base-6,"0,8771999305356225"
5-seed62-epochs5-xlm-roberta-base-6,"0,7493053382096103"
6-seed62-epochs5-xlm-roberta-base-6,"0,9103050502467659"
7-seed62-epochs5-xlm-roberta-base-6,"0,7134812271825246"
8-seed62-epochs5-xlm-roberta-base-6,"0,7065114418837823"
9-seed62-epochs5-xlm-roberta-base-6,"0,8874260815437286"
10-seed62-epochs5-xlm-roberta-base-6,"0,9014906826449856"
0-seed62-epochs5-xlm-roberta-base-6,"0,8274584380701768"
0-mean-epochs5-xlm-roberta-base-6,"0,8314697495649884"
1-seed11-epochs5-xlm-roberta-base-2,"0,9372886765811724"
2-seed11-epochs5-xlm-roberta-base-2,"0,9591013108138082"
3-seed11-epochs5-xlm-roberta-base-2,"0,9510605700968863"
4-seed11-epochs5-xlm-roberta-base-2,"0,9125000000000001"
5-seed11-epochs5-xlm-roberta-base-2,"0,9200118209131656"
6-seed11-epochs5-xlm-roberta-base-2,"0,9398437499999999"
7-seed11-epochs5-xlm-roberta-base-2,"0,9453125000000001"
8-seed11-epochs5-xlm-roberta-base-2,"0,9339954163483576"
9-seed11-epochs5-xlm-roberta-base-2,"0,9255282470570851"
10-seed11-epochs5-xlm-roberta-base-2,"0,8442933655738759"
0-seed11-epochs5-xlm-roberta-base-2,"0,9268935657384351"
1-seed17-epochs5-xlm-roberta-base-2,"0,9347474267958484"
2-seed17-epochs5-xlm-roberta-base-2,"0,9536481522556494"
3-seed17-epochs5-xlm-roberta-base-2,"0,9536481522556494"
4-seed17-epochs5-xlm-roberta-base-2,"0,8936189121933878"
5-seed17-epochs5-xlm-roberta-base-2,"0,7973015049299429"
6-seed17-epochs5-xlm-roberta-base-2,"0,9200118209131656"
7-seed17-epochs5-xlm-roberta-base-2,"0,9308496042216359"
8-seed17-epochs5-xlm-roberta-base-2,"0,9220830848737825"
9-seed17-epochs5-xlm-roberta-base-2,"0,9040214156297097"
10-seed17-epochs5-xlm-roberta-base-2,"0,9231987242200268"
0-seed17-epochs5-xlm-roberta-base-2,"0,91331287982888"
1-seed23-epochs5-xlm-roberta-base-2,"0,9336866536496023"
2-seed23-epochs5-xlm-roberta-base-2,"0,9405201270277228"
3-seed23-epochs5-xlm-roberta-base-2,"0,9484870491406439"
4-seed23-epochs5-xlm-roberta-base-2,"0,8942556151858476"
5-seed23-epochs5-xlm-roberta-base-2,"0,9237181247932912"
6-seed23-epochs5-xlm-roberta-base-2,"0,9149797570850202"
7-seed23-epochs5-xlm-roberta-base-2,"0,9182053765411093"
8-seed23-epochs5-xlm-roberta-base-2,"0,9255282470570851"
9-seed23-epochs5-xlm-roberta-base-2,"0,9124171062441491"
10-seed23-epochs5-xlm-roberta-base-2,"0,9061317740466994"
0-seed23-epochs5-xlm-roberta-base-2,"0,9217929830771169"
1-seed47-epochs5-xlm-roberta-base-2,"0,930849604221636"
2-seed47-epochs5-xlm-roberta-base-2,"0,9669977081741787"
3-seed47-epochs5-xlm-roberta-base-2,"0,9539094650205762"
4-seed47-epochs5-xlm-roberta-base-2,"0,908441826539319"
5-seed47-epochs5-xlm-roberta-base-2,"0,9384109491645929"
6-seed47-epochs5-xlm-roberta-base-2,"0,9149797570850202"
7-seed47-epochs5-xlm-roberta-base-2,"0,9267973856209151"
8-seed47-epochs5-xlm-roberta-base-2,"0,9302228990724075"
9-seed47-epochs5-xlm-roberta-base-2,"0,9336085009221042"
10-seed47-epochs5-xlm-roberta-base-2,"0,9169896144544032"
0-seed47-epochs5-xlm-roberta-base-2,"0,9321207710275152"
1-seed62-epochs5-xlm-roberta-base-2,"0,929309712362169"
2-seed62-epochs5-xlm-roberta-base-2,"0,95625"
3-seed62-epochs5-xlm-roberta-base-2,"0,9391411258452621"
4-seed62-epochs5-xlm-roberta-base-2,"0,9061860147670162"
5-seed62-epochs5-xlm-roberta-base-2,"0,9250887671685337"
6-seed62-epochs5-xlm-roberta-base-2,"0,9310446732010047"
7-seed62-epochs5-xlm-roberta-base-2,"0,9386637458926615"
8-seed62-epochs5-xlm-roberta-base-2,"0,9284802043422733"
9-seed62-epochs5-xlm-roberta-base-2,"0,9119938884644767"
10-seed62-epochs5-xlm-roberta-base-2,"0,9049361716749996"
0-seed62-epochs5-xlm-roberta-base-2,"0,9271094303718396"
0-mean-epochs5-xlm-roberta-base-2,"0,9242459260087573"
