0-seed11-C-epochs1-bert-base-multilingual-cased-7,"0,5141911237445944"
0-seed11-C-epochs5-bert-base-multilingual-cased-7,"0,4823034841894271"
07:10:23-seed11-C-epochs5-bert-base-multilingual-cased-7,"0,4823034841894271"
07:27:53-seed17-C-epochs5-bert-base-multilingual-cased-7,"0,46451298701298704"
07:45:22-seed23-C-epochs5-bert-base-multilingual-cased-7,"0,4571503999215642"
08:02:53-seed47-C-epochs5-bert-base-multilingual-cased-7,"0,5285827821224138"
08:20:22-seed62-C-epochs5-bert-base-multilingual-cased-7,"0,4705022591823647"
0-mean-C-epochs5-bert-base-multilingual-cased-7,"0,4806103824857514"
08:37:49-seed11-C-epochs5-bert-base-multilingual-cased-5,"0,5765576247259385"
08:55:18-seed17-C-epochs5-bert-base-multilingual-cased-5,"0,516054732920491"
09:12:37-seed23-C-epochs5-bert-base-multilingual-cased-5,"0,5995026116809371"
09:29:54-seed47-C-epochs5-bert-base-multilingual-cased-5,"0,522264736955996"
09:47:25-seed62-C-epochs5-bert-base-multilingual-cased-5,"0,5349459816598341"
0-mean-C-epochs5-bert-base-multilingual-cased-5,"0,5498651375886393"
10:05:01-seed11-C-epochs5-bert-base-multilingual-cased-2,"0,8470716975547827"
10:22:39-seed17-C-epochs5-bert-base-multilingual-cased-2,"0,8627883109608252"
10:40:18-seed23-C-epochs5-bert-base-multilingual-cased-2,"0,8443668606262121"
10:57:54-seed47-C-epochs5-bert-base-multilingual-cased-2,"0,8813025337858384"
11:15:28-seed62-C-epochs5-bert-base-multilingual-cased-2,"0,8557319994886745"
0-mean-C-epochs5-bert-base-multilingual-cased-2,"0,8582522804832667"
13:30:22-seed11-C++-epochs5-bert-base-multilingual-cased-7,"0,5949172756805763"
13:47:52-seed17-C++-epochs5-bert-base-multilingual-cased-7,"0,5204984531303529"
14:05:27-seed23-C++-epochs5-bert-base-multilingual-cased-7,"0,7080063584125964"
14:22:55-seed47-C++-epochs5-bert-base-multilingual-cased-7,"0,5754309132958353"
14:40:31-seed62-C++-epochs5-bert-base-multilingual-cased-7,"0,5481537135402106"
0-mean-C++-epochs5-bert-base-multilingual-cased-7,"0,5894013428119143"
14:58:05-seed11-C++-epochs5-bert-base-multilingual-cased-5,"0,6490975513922256"
15:15:39-seed17-C++-epochs5-bert-base-multilingual-cased-5,"0,7939667938609514"
15:33:12-seed23-C++-epochs5-bert-base-multilingual-cased-5,"0,5069705976553037"
15:50:44-seed47-C++-epochs5-bert-base-multilingual-cased-5,"0,7731787118930828"
16:08:18-seed62-C++-epochs5-bert-base-multilingual-cased-5,"0,8135994652827077"
0-mean-C++-epochs5-bert-base-multilingual-cased-5,"0,7073626240168542"
16:25:53-seed11-C++-epochs5-bert-base-multilingual-cased-2,"0,8612481626234888"
16:43:27-seed17-C++-epochs5-bert-base-multilingual-cased-2,"0,8452040816326529"
17:00:56-seed23-C++-epochs5-bert-base-multilingual-cased-2,"0,8481920476783491"
17:18:25-seed47-C++-epochs5-bert-base-multilingual-cased-2,"0,8611630609196038"
17:35:54-seed62-C++-epochs5-bert-base-multilingual-cased-2,"0,8299579355326591"
0-mean-C++-epochs5-bert-base-multilingual-cased-2,"0,8491530576773506"
17:54:40-seed11-C++-epochs5-xlm-roberta-base-7,"0,7032464644565007"
18:13:28-seed17-C++-epochs5-xlm-roberta-base-7,"0,7320016306428119"
18:32:17-seed23-C++-epochs5-xlm-roberta-base-7,"0,6267786840143762"
18:51:02-seed47-C++-epochs5-xlm-roberta-base-7,"0,5739279318894784"
19:09:47-seed62-C++-epochs5-xlm-roberta-base-7,"0,6395171631277413"
0-mean-C++-epochs5-xlm-roberta-base-7,"0,6550943748261816"
19:28:31-seed11-C++-epochs5-xlm-roberta-base-5,"0,7766504270753434"
19:47:16-seed17-C++-epochs5-xlm-roberta-base-5,"0,5309125147675272"
20:06:03-seed23-C++-epochs5-xlm-roberta-base-5,"0,6061150477602183"
20:24:51-seed47-C++-epochs5-xlm-roberta-base-5,"0,6794394841269842"
20:43:39-seed62-C++-epochs5-xlm-roberta-base-5,"0,7541152572905369"
0-mean-C++-epochs5-xlm-roberta-base-5,"0,669446546204122"
21:02:23-seed11-C++-epochs5-xlm-roberta-base-2,"0,8700292346166039"
21:21:08-seed17-C++-epochs5-xlm-roberta-base-2,"0,8515837104072399"
21:39:52-seed23-C++-epochs5-xlm-roberta-base-2,"0,8532905881200039"
21:58:39-seed47-C++-epochs5-xlm-roberta-base-2,"0,8525740042034894"
22:17:07-seed62-C++-epochs5-xlm-roberta-base-2,"0,8677290057679148"
0-mean-C++-epochs5-xlm-roberta-base-2,"0,8590413086230504"
22:34:24-seed11-C#-epochs5-bert-base-multilingual-cased-8,"0,6216769075140349"
22:51:42-seed17-C#-epochs5-bert-base-multilingual-cased-8,"0,6382177178492179"
23:08:58-seed23-C#-epochs5-bert-base-multilingual-cased-8,"0,6145351359640978"
23:26:10-seed47-C#-epochs5-bert-base-multilingual-cased-8,"0,6512524080390889"
23:43:23-seed62-C#-epochs5-bert-base-multilingual-cased-8,"0,6513766809718395"
0-mean-C#-epochs5-bert-base-multilingual-cased-8,"0,6354117700676559"
00:00:40-seed11-C#-epochs5-bert-base-multilingual-cased-6,"0,6447185116588144"
00:17:57-seed17-C#-epochs5-bert-base-multilingual-cased-6,"0,6537444387697698"
00:35:13-seed23-C#-epochs5-bert-base-multilingual-cased-6,"0,6696273744625171"
00:52:28-seed47-C#-epochs5-bert-base-multilingual-cased-6,"0,6568382900172273"
01:09:40-seed62-C#-epochs5-bert-base-multilingual-cased-6,"0,6642909580442116"
0-mean-C#-epochs5-bert-base-multilingual-cased-6,"0,657843914590508"
01:26:52-seed11-C#-epochs5-bert-base-multilingual-cased-2,"0,8563408015413986"
01:43:54-seed17-C#-epochs5-bert-base-multilingual-cased-2,"0,8572259593423883"
02:01:01-seed23-C#-epochs5-bert-base-multilingual-cased-2,"0,8507629659462119"
02:18:08-seed47-C#-epochs5-bert-base-multilingual-cased-2,"0,8610551751913009"
02:35:15-seed62-C#-epochs5-bert-base-multilingual-cased-2,"0,836434751688989"
0-mean-C#-epochs5-bert-base-multilingual-cased-2,"0,8523639307420577"
02:53:34-seed11-C#-epochs5-xlm-roberta-base-8,"0,6453078831032049"
03:11:49-seed17-C#-epochs5-xlm-roberta-base-8,"0,7248294182367115"
03:30:05-seed23-C#-epochs5-xlm-roberta-base-8,"0,6015625595527905"
03:48:23-seed47-C#-epochs5-xlm-roberta-base-8,"0,5936247503054686"
04:06:42-seed62-C#-epochs5-xlm-roberta-base-8,"0,7010093289086127"
0-mean-C#-epochs5-xlm-roberta-base-8,"0,6532667880213576"
04:25:01-seed11-C#-epochs5-xlm-roberta-base-6,"0,6546428486813954"
04:43:19-seed17-C#-epochs5-xlm-roberta-base-6,"0,6477014487543765"
05:01:37-seed23-C#-epochs5-xlm-roberta-base-6,"0,634563100522879"
05:19:54-seed47-C#-epochs5-xlm-roberta-base-6,"0,627166822434318"
05:38:13-seed62-C#-epochs5-xlm-roberta-base-6,"0,7422530659970344"
0-mean-C#-epochs5-xlm-roberta-base-6,"0,6612654572780007"
05:56:33-seed11-C#-epochs5-xlm-roberta-base-2,"0,8637819172251797"
06:14:54-seed17-C#-epochs5-xlm-roberta-base-2,"0,8515058296304736"
06:33:15-seed23-C#-epochs5-xlm-roberta-base-2,"0,8426325266959639"
06:51:35-seed47-C#-epochs5-xlm-roberta-base-2,"0,8787968547112168"
07:09:54-seed62-C#-epochs5-xlm-roberta-base-2,"0,8938476384945666"
0-mean-C#-epochs5-xlm-roberta-base-2,"0,8661129533514801"
07:26:53-seed11-Java-epochs5-bert-base-multilingual-cased-8,"0,6350914308845019"
07:43:52-seed17-Java-epochs5-bert-base-multilingual-cased-8,"0,6242949777677285"
08:00:55-seed23-Java-epochs5-bert-base-multilingual-cased-8,"0,6313027458289979"
08:17:59-seed47-Java-epochs5-bert-base-multilingual-cased-8,"0,6202685045879825"
08:35:02-seed62-Java-epochs5-bert-base-multilingual-cased-8,"0,6599833350087371"
0-mean-Java-epochs5-bert-base-multilingual-cased-8,"0,6341881988155896"
08:52:08-seed11-Java-epochs5-bert-base-multilingual-cased-6,"0,5794543218691314"
09:09:13-seed17-Java-epochs5-bert-base-multilingual-cased-6,"0,5968259223639424"
09:26:19-seed23-Java-epochs5-bert-base-multilingual-cased-6,"0,5995182842386262"
09:43:24-seed47-Java-epochs5-bert-base-multilingual-cased-6,"0,6180377190686469"
10:00:27-seed62-Java-epochs5-bert-base-multilingual-cased-6,"0,6273420303784676"
0-mean-Java-epochs5-bert-base-multilingual-cased-6,"0,6042356555837628"
10:17:30-seed11-Java-epochs5-bert-base-multilingual-cased-2,"0,8515129249883107"
10:34:35-seed17-Java-epochs5-bert-base-multilingual-cased-2,"0,8302917068466731"
10:51:37-seed23-Java-epochs5-bert-base-multilingual-cased-2,"0,8625782946571188"
11:08:36-seed47-Java-epochs5-bert-base-multilingual-cased-2,"0,8199637249196241"
11:25:36-seed62-Java-epochs5-bert-base-multilingual-cased-2,"0,8306682198453882"
0-mean-Java-epochs5-bert-base-multilingual-cased-2,"0,839002974251423"
11:43:49-seed11-Java-epochs5-xlm-roberta-base-8,"0,6204852613934628"
12:02:05-seed17-Java-epochs5-xlm-roberta-base-8,"0,651318823717975"
12:20:22-seed23-Java-epochs5-xlm-roberta-base-8,"0,6558152427539878"
12:38:39-seed47-Java-epochs5-xlm-roberta-base-8,"0,6669627515615436"
12:56:52-seed62-Java-epochs5-xlm-roberta-base-8,"0,670232872150736"
0-mean-Java-epochs5-xlm-roberta-base-8,"0,6529629903155411"
13:15:07-seed11-Java-epochs5-xlm-roberta-base-6,"0,6270165139028255"
13:33:23-seed17-Java-epochs5-xlm-roberta-base-6,"0,6188499404973892"
13:51:40-seed23-Java-epochs5-xlm-roberta-base-6,"0,626554761122671"
14:09:55-seed47-Java-epochs5-xlm-roberta-base-6,"0,5912436158905993"
14:28:08-seed62-Java-epochs5-xlm-roberta-base-6,"0,5958606570681902"
0-mean-Java-epochs5-xlm-roberta-base-6,"0,6119050976963349"
14:46:21-seed11-Java-epochs5-xlm-roberta-base-2,"0,8566568047337277"
15:04:33-seed17-Java-epochs5-xlm-roberta-base-2,"0,8406775721300521"
15:22:45-seed23-Java-epochs5-xlm-roberta-base-2,"0,8598979013045944"
15:40:57-seed47-Java-epochs5-xlm-roberta-base-2,"0,8631831610044314"
15:59:11-seed62-Java-epochs5-xlm-roberta-base-2,"0,8322010869565217"
0-mean-Java-epochs5-xlm-roberta-base-2,"0,8505233052258655"
16:16:19-seed11-TypeScript-epochs5-bert-base-multilingual-cased-6,"0,6305457668185719"
16:33:27-seed17-TypeScript-epochs5-bert-base-multilingual-cased-6,"0,6195284760179893"
16:50:33-seed23-TypeScript-epochs5-bert-base-multilingual-cased-6,"0,6194080917423106"
17:07:36-seed47-TypeScript-epochs5-bert-base-multilingual-cased-6,"0,6032603318242711"
17:24:38-seed62-TypeScript-epochs5-bert-base-multilingual-cased-6,"0,543260262253945"
0-mean-TypeScript-epochs5-bert-base-multilingual-cased-6,"0,6032005857314175"
17:41:40-seed11-TypeScript-epochs5-bert-base-multilingual-cased-4,"0,6869548998039122"
17:58:44-seed17-TypeScript-epochs5-bert-base-multilingual-cased-4,"0,6977128104906898"
18:15:50-seed23-TypeScript-epochs5-bert-base-multilingual-cased-4,"0,43673642000567486"
18:32:57-seed47-TypeScript-epochs5-bert-base-multilingual-cased-4,"0,6579846490160391"
18:50:02-seed62-TypeScript-epochs5-bert-base-multilingual-cased-4,"0,6978007658759706"
0-mean-TypeScript-epochs5-bert-base-multilingual-cased-4,"0,6354379090384573"
19:07:03-seed11-TypeScript-epochs5-bert-base-multilingual-cased-2,"0,8101539039039038"
19:24:05-seed17-TypeScript-epochs5-bert-base-multilingual-cased-2,"0,8062415196743555"
19:41:07-seed23-TypeScript-epochs5-bert-base-multilingual-cased-2,"0,7946033024567056"
19:58:14-seed47-TypeScript-epochs5-bert-base-multilingual-cased-2,"0,7913846882773324"
20:15:22-seed62-TypeScript-epochs5-bert-base-multilingual-cased-2,"0,7828663483113745"
0-mean-TypeScript-epochs5-bert-base-multilingual-cased-2,"0,7970499525247343"
20:33:41-seed11-TypeScript-epochs5-xlm-roberta-base-6,"0,6225480292258021"
20:52:01-seed17-TypeScript-epochs5-xlm-roberta-base-6,"0,5995945633601926"
21:10:20-seed23-TypeScript-epochs5-xlm-roberta-base-6,"0,5959785739641162"
21:28:39-seed47-TypeScript-epochs5-xlm-roberta-base-6,"0,6391726151506841"
21:46:58-seed62-TypeScript-epochs5-xlm-roberta-base-6,"0,5972510183924743"
0-mean-TypeScript-epochs5-xlm-roberta-base-6,"0,6109089600186539"
22:05:17-seed11-TypeScript-epochs5-xlm-roberta-base-4,"0,6972198096240734"
22:23:33-seed17-TypeScript-epochs5-xlm-roberta-base-4,"0,7004962243797195"
22:41:48-seed23-TypeScript-epochs5-xlm-roberta-base-4,"0,6531493608850166"
23:00:03-seed47-TypeScript-epochs5-xlm-roberta-base-4,"0,5421779988944169"
23:18:19-seed62-TypeScript-epochs5-xlm-roberta-base-4,"0,6864121402956355"
0-mean-TypeScript-epochs5-xlm-roberta-base-4,"0,6558911068157723"
23:36:33-seed11-TypeScript-epochs5-xlm-roberta-base-2,"0,7688316816046117"
23:54:52-seed17-TypeScript-epochs5-xlm-roberta-base-2,"0,7444024993491278"
00:13:10-seed23-TypeScript-epochs5-xlm-roberta-base-2,"0,7663357696083779"
00:31:28-seed47-TypeScript-epochs5-xlm-roberta-base-2,"0,7642140872296725"
00:49:44-seed62-TypeScript-epochs5-xlm-roberta-base-2,"0,7666507057026244"
0-mean-TypeScript-epochs5-xlm-roberta-base-2,"0,7620869486988828"
01:06:48-seed11-Python-epochs5-bert-base-multilingual-cased-7,"0,6144028161140042"
01:23:49-seed17-Python-epochs5-bert-base-multilingual-cased-7,"0,6050671976417591"
01:40:49-seed23-Python-epochs5-bert-base-multilingual-cased-7,"0,6697577558484291"
01:57:57-seed47-Python-epochs5-bert-base-multilingual-cased-7,"0,5524204042386814"
02:15:03-seed62-Python-epochs5-bert-base-multilingual-cased-7,"0,5822121656761108"
0-mean-Python-epochs5-bert-base-multilingual-cased-7,"0,6047720679037969"
02:32:10-seed11-Python-epochs5-bert-base-multilingual-cased-5,"0,5745590329894373"
02:49:15-seed17-Python-epochs5-bert-base-multilingual-cased-5,"0,5917370246103416"
03:06:16-seed23-Python-epochs5-bert-base-multilingual-cased-5,"0,5818449400503974"
03:23:18-seed47-Python-epochs5-bert-base-multilingual-cased-5,"0,6012355388912977"
03:40:21-seed62-Python-epochs5-bert-base-multilingual-cased-5,"0,5776207545237262"
0-mean-Python-epochs5-bert-base-multilingual-cased-5,"0,5853994582130401"
03:57:25-seed11-Python-epochs5-bert-base-multilingual-cased-2,"0,8733979015334948"
04:14:32-seed17-Python-epochs5-bert-base-multilingual-cased-2,"0,8550011388409853"
04:31:38-seed23-Python-epochs5-bert-base-multilingual-cased-2,"0,8488791065460177"
04:48:45-seed47-Python-epochs5-bert-base-multilingual-cased-2,"0,854215547939243"
05:05:48-seed62-Python-epochs5-bert-base-multilingual-cased-2,"0,8608010932873458"
0-mean-Python-epochs5-bert-base-multilingual-cased-2,"0,8584589576294175"
05:24:03-seed11-Python-epochs5-xlm-roberta-base-7,"0,5860713703747724"
05:42:18-seed17-Python-epochs5-xlm-roberta-base-7,"0,5443933559444081"
06:00:36-seed23-Python-epochs5-xlm-roberta-base-7,"0,5983987730959652"
06:18:55-seed47-Python-epochs5-xlm-roberta-base-7,"0,5469146497312001"
06:37:15-seed62-Python-epochs5-xlm-roberta-base-7,"0,6459704406478263"
0-mean-Python-epochs5-xlm-roberta-base-7,"0,5843497179588344"
06:55:32-seed11-Python-epochs5-xlm-roberta-base-5,"0,5652359514498005"
07:13:47-seed17-Python-epochs5-xlm-roberta-base-5,"0,7444884704542313"
07:32:02-seed23-Python-epochs5-xlm-roberta-base-5,"0,5858607979142757"
07:50:19-seed47-Python-epochs5-xlm-roberta-base-5,"0,5730217226979312"
08:08:38-seed62-Python-epochs5-xlm-roberta-base-5,"0,5653458382961335"
0-mean-Python-epochs5-xlm-roberta-base-5,"0,6067905561624745"
08:26:58-seed11-Python-epochs5-xlm-roberta-base-2,"0,8764965114967532"
08:45:16-seed17-Python-epochs5-xlm-roberta-base-2,"0,8504129790506064"
09:03:36-seed23-Python-epochs5-xlm-roberta-base-2,"0,862741522032078"
09:21:56-seed47-Python-epochs5-xlm-roberta-base-2,"0,8831963110153809"
09:40:16-seed62-Python-epochs5-xlm-roberta-base-2,"0,8418679509796142"
0-mean-Python-epochs5-xlm-roberta-base-2,"0,8629430549148867"
09:57:23-seed11-SQL-epochs5-bert-base-multilingual-cased-8,"0,4369334775394863"
10:14:25-seed17-SQL-epochs5-bert-base-multilingual-cased-8,"0,45540530249465816"
10:31:26-seed23-SQL-epochs5-bert-base-multilingual-cased-8,"0,4695255687498123"
10:48:28-seed47-SQL-epochs5-bert-base-multilingual-cased-8,"0,43206317944250333"
11:05:31-seed62-SQL-epochs5-bert-base-multilingual-cased-8,"0,4272122501894705"
0-mean-SQL-epochs5-bert-base-multilingual-cased-8,"0,4442279556831862"
11:22:33-seed11-SQL-epochs5-bert-base-multilingual-cased-6,"0,4780721496278945"
11:39:35-seed17-SQL-epochs5-bert-base-multilingual-cased-6,"0,5409032588167761"
11:56:40-seed23-SQL-epochs5-bert-base-multilingual-cased-6,"0,5508213561349603"
12:13:47-seed47-SQL-epochs5-bert-base-multilingual-cased-6,"0,4459294242614367"
12:30:53-seed62-SQL-epochs5-bert-base-multilingual-cased-6,"0,5067570418352029"
0-mean-SQL-epochs5-bert-base-multilingual-cased-6,"0,504496646135254"
12:47:58-seed11-SQL-epochs5-bert-base-multilingual-cased-2,"0,6884232343280698"
13:05:02-seed17-SQL-epochs5-bert-base-multilingual-cased-2,"0,6794214215990771"
13:22:03-seed23-SQL-epochs5-bert-base-multilingual-cased-2,"0,6793339093551174"
13:39:05-seed47-SQL-epochs5-bert-base-multilingual-cased-2,"0,671503244412401"
13:56:10-seed62-SQL-epochs5-bert-base-multilingual-cased-2,"0,7140032923583439"
0-mean-SQL-epochs5-bert-base-multilingual-cased-2,"0,6865370204106018"
14:14:28-seed11-SQL-epochs5-xlm-roberta-base-8,"0,5069583592154175"
14:32:47-seed17-SQL-epochs5-xlm-roberta-base-8,"0,5157458014434088"
14:51:04-seed23-SQL-epochs5-xlm-roberta-base-8,"0,4451211955077087"
15:09:19-seed47-SQL-epochs5-xlm-roberta-base-8,"0,518949213219857"
15:27:34-seed62-SQL-epochs5-xlm-roberta-base-8,"0,45950002553749414"
0-mean-SQL-epochs5-xlm-roberta-base-8,"0,4892549189847772"
15:45:49-seed11-SQL-epochs5-xlm-roberta-base-6,"0,537986867914389"
16:04:06-seed17-SQL-epochs5-xlm-roberta-base-6,"0,6042752934731301"
16:22:25-seed23-SQL-epochs5-xlm-roberta-base-6,"0,546469423248282"
16:40:43-seed47-SQL-epochs5-xlm-roberta-base-6,"0,589215361359638"
16:59:00-seed62-SQL-epochs5-xlm-roberta-base-6,"0,5611313875401097"
0-mean-SQL-epochs5-xlm-roberta-base-6,"0,5678156667071097"
17:17:15-seed11-SQL-epochs5-xlm-roberta-base-2,"0,6389272316861268"
17:35:29-seed17-SQL-epochs5-xlm-roberta-base-2,"0,735531129876345"
17:53:45-seed23-SQL-epochs5-xlm-roberta-base-2,"0,7196787738373811"
18:12:02-seed47-SQL-epochs5-xlm-roberta-base-2,"0,7013880219711628"
18:30:19-seed62-SQL-epochs5-xlm-roberta-base-2,"0,7229927957642566"
0-mean-SQL-epochs5-xlm-roberta-base-2,"0,7037035906270545"
18:47:26-seed11-C-epochs5-bert-base-multilingual-cased-7,"0,4823034841894271"
19:04:29-seed17-C-epochs5-bert-base-multilingual-cased-7,"0,46451298701298704"
19:21:32-seed23-C-epochs5-bert-base-multilingual-cased-7,"0,4571503999215642"
19:38:34-seed47-C-epochs5-bert-base-multilingual-cased-7,"0,5285827821224138"
19:55:40-seed62-C-epochs5-bert-base-multilingual-cased-7,"0,4705022591823647"
0-mean-C-epochs5-bert-base-multilingual-cased-7,"0,4806103824857514"
20:12:46-seed11-C-epochs5-bert-base-multilingual-cased-5,"0,5765576247259385"
20:29:54-seed17-C-epochs5-bert-base-multilingual-cased-5,"0,516054732920491"
20:46:59-seed23-C-epochs5-bert-base-multilingual-cased-5,"0,5995026116809371"
21:04:02-seed47-C-epochs5-bert-base-multilingual-cased-5,"0,522264736955996"
21:21:04-seed62-C-epochs5-bert-base-multilingual-cased-5,"0,5349459816598341"
0-mean-C-epochs5-bert-base-multilingual-cased-5,"0,5498651375886393"
21:38:06-seed11-C-epochs5-bert-base-multilingual-cased-2,"0,8470716975547827"
21:55:12-seed17-C-epochs5-bert-base-multilingual-cased-2,"0,8627883109608252"
22:12:19-seed23-C-epochs5-bert-base-multilingual-cased-2,"0,8443668606262121"
22:29:26-seed47-C-epochs5-bert-base-multilingual-cased-2,"0,8813025337858384"
22:46:32-seed62-C-epochs5-bert-base-multilingual-cased-2,"0,8557319994886745"
0-mean-C-epochs5-bert-base-multilingual-cased-2,"0,8582522804832667"
23:04:51-seed11-C-epochs5-xlm-roberta-base-7,"0,5527109045397094"
23:23:32-seed17-C-epochs5-xlm-roberta-base-7,"0,5583929238790648"
23:42:13-seed23-C-epochs5-xlm-roberta-base-7,"0,4284809243813683"
00:00:55-seed47-C-epochs5-xlm-roberta-base-7,"0,4904230314841667"
00:19:35-seed62-C-epochs5-xlm-roberta-base-7,"0,5634580560535598"
0-mean-C-epochs5-xlm-roberta-base-7,"0,5186931680675738"
00:38:13-seed11-C-epochs5-xlm-roberta-base-5,"0,5508490148367462"
00:56:51-seed17-C-epochs5-xlm-roberta-base-5,"0,6349319024790722"
01:15:29-seed23-C-epochs5-xlm-roberta-base-5,"0,5361688219436995"
01:34:08-seed47-C-epochs5-xlm-roberta-base-5,"0,5777597865189106"
01:52:47-seed62-C-epochs5-xlm-roberta-base-5,"0,45682065070737243"
0-mean-C-epochs5-xlm-roberta-base-5,"0,5513060352971602"
02:11:27-seed11-C-epochs5-xlm-roberta-base-2,"0,9010608323453788"
02:30:07-seed17-C-epochs5-xlm-roberta-base-2,"0,854641693811075"
02:48:47-seed23-C-epochs5-xlm-roberta-base-2,"0,8285018552875696"
03:07:26-seed47-C-epochs5-xlm-roberta-base-2,"0,8527407914929019"
03:26:03-seed62-C-epochs5-xlm-roberta-base-2,"0,7794783802333562"
0-mean-C-epochs5-xlm-roberta-base-2,"0,8432847106340564"
03:36:35-seed11-C++-epochs3-bert-base-multilingual-cased-7,"0,5989728596891569"
03:47:09-seed17-C++-epochs3-bert-base-multilingual-cased-7,"0,6120773438732069"
03:57:45-seed23-C++-epochs3-bert-base-multilingual-cased-7,"0,598619592977691"
04:08:20-seed47-C++-epochs3-bert-base-multilingual-cased-7,"0,5286611050250393"
04:18:56-seed62-C++-epochs3-bert-base-multilingual-cased-7,"0,5621991486403192"
0-mean-C++-epochs3-bert-base-multilingual-cased-7,"0,5801060100410826"
04:29:32-seed11-C++-epochs3-bert-base-multilingual-cased-5,"0,6607334642410606"
04:40:08-seed17-C++-epochs3-bert-base-multilingual-cased-5,"0,798024653600768"
04:50:42-seed23-C++-epochs3-bert-base-multilingual-cased-5,"0,7999588773574889"
05:01:15-seed47-C++-epochs3-bert-base-multilingual-cased-5,"0,6129417328003693"
05:11:48-seed62-C++-epochs3-bert-base-multilingual-cased-5,"0,6221899610882253"
0-mean-C++-epochs3-bert-base-multilingual-cased-5,"0,6987697378175826"
05:22:21-seed11-C++-epochs3-bert-base-multilingual-cased-2,"0,8525740042034894"
05:32:54-seed17-C++-epochs3-bert-base-multilingual-cased-2,"0,8532905881200039"
05:43:28-seed23-C++-epochs3-bert-base-multilingual-cased-2,"0,8411286040270382"
05:54:04-seed47-C++-epochs3-bert-base-multilingual-cased-2,"0,8326335988835263"
06:04:40-seed62-C++-epochs3-bert-base-multilingual-cased-2,"0,861938775510204"
0-mean-C++-epochs3-bert-base-multilingual-cased-2,"0,8483131141488525"
06:15:59-seed11-C++-epochs3-xlm-roberta-base-7,"0,7664988317331008"
06:27:18-seed17-C++-epochs3-xlm-roberta-base-7,"0,6114700377733354"
06:38:36-seed23-C++-epochs3-xlm-roberta-base-7,"0,734050655805559"
06:49:55-seed47-C++-epochs3-xlm-roberta-base-7,"0,606249570896748"
07:01:14-seed62-C++-epochs3-xlm-roberta-base-7,"0,6075112883375217"
0-mean-C++-epochs3-xlm-roberta-base-7,"0,665156076909253"
07:12:34-seed11-C++-epochs3-xlm-roberta-base-5,"0,6505688965122928"
07:23:53-seed17-C++-epochs3-xlm-roberta-base-5,"0,6379336404588472"
07:35:13-seed23-C++-epochs3-xlm-roberta-base-5,"0,5637251719923021"
07:46:31-seed47-C++-epochs3-xlm-roberta-base-5,"0,5636554511793571"
07:57:49-seed62-C++-epochs3-xlm-roberta-base-5,"0,8530314097179866"
0-mean-C++-epochs3-xlm-roberta-base-5,"0,6537829139721572"
08:09:06-seed11-C++-epochs3-xlm-roberta-base-2,"0,9086407526615499"
08:20:23-seed17-C++-epochs3-xlm-roberta-base-2,"0,86352759339249"
08:31:40-seed23-C++-epochs3-xlm-roberta-base-2,"0,83754594115631"
08:42:58-seed47-C++-epochs3-xlm-roberta-base-2,"0,8671213443910956"
08:54:15-seed62-C++-epochs3-xlm-roberta-base-2,"0,850862223818933"
0-mean-C++-epochs3-xlm-roberta-base-2,"0,8655395710840758"
09:04:52-seed11-C#-epochs3-bert-base-multilingual-cased-8,"0,6295426703080805"
09:15:29-seed17-C#-epochs3-bert-base-multilingual-cased-8,"0,6404711520287814"
09:26:05-seed23-C#-epochs3-bert-base-multilingual-cased-8,"0,648671193720636"
09:36:44-seed47-C#-epochs3-bert-base-multilingual-cased-8,"0,6450041919553553"
09:47:23-seed62-C#-epochs3-bert-base-multilingual-cased-8,"0,6503247023792469"
0-mean-C#-epochs3-bert-base-multilingual-cased-8,"0,64280278207842"
09:58:03-seed11-C#-epochs3-bert-base-multilingual-cased-6,"0,6773259056645994"
10:08:43-seed17-C#-epochs3-bert-base-multilingual-cased-6,"0,6011464490102261"
10:19:24-seed23-C#-epochs3-bert-base-multilingual-cased-6,"0,677445502257147"
10:30:04-seed47-C#-epochs3-bert-base-multilingual-cased-6,"0,6730783461201649"
10:40:44-seed62-C#-epochs3-bert-base-multilingual-cased-6,"0,6368920382647202"
0-mean-C#-epochs3-bert-base-multilingual-cased-6,"0,6531776482633715"
10:51:22-seed11-C#-epochs3-bert-base-multilingual-cased-2,"0,8814229249011858"
11:01:59-seed17-C#-epochs3-bert-base-multilingual-cased-2,"0,890469868390672"
11:12:36-seed23-C#-epochs3-bert-base-multilingual-cased-2,"0,8549201009251473"
11:23:13-seed47-C#-epochs3-bert-base-multilingual-cased-2,"0,8567207895110729"
11:33:51-seed62-C#-epochs3-bert-base-multilingual-cased-2,"0,9113043478260869"
0-mean-C#-epochs3-bert-base-multilingual-cased-2,"0,8789676063108331"
11:45:12-seed11-C#-epochs3-xlm-roberta-base-8,"0,6309233346706897"
11:56:35-seed17-C#-epochs3-xlm-roberta-base-8,"0,5916409381649739"
12:07:57-seed23-C#-epochs3-xlm-roberta-base-8,"0,5923606241287684"
12:19:20-seed47-C#-epochs3-xlm-roberta-base-8,"0,6294249045248228"
12:30:42-seed62-C#-epochs3-xlm-roberta-base-8,"0,5842715850050111"
0-mean-C#-epochs3-xlm-roberta-base-8,"0,6057242772988533"
12:42:05-seed11-C#-epochs3-xlm-roberta-base-6,"0,6584275845245088"
12:53:25-seed17-C#-epochs3-xlm-roberta-base-6,"0,6379798613688047"
13:04:46-seed23-C#-epochs3-xlm-roberta-base-6,"0,6663964003609549"
13:16:07-seed47-C#-epochs3-xlm-roberta-base-6,"0,6370599756363272"
13:27:28-seed62-C#-epochs3-xlm-roberta-base-6,"0,6505139894613063"
0-mean-C#-epochs3-xlm-roberta-base-6,"0,6500755622703804"
13:38:49-seed11-C#-epochs3-xlm-roberta-base-2,"0,8919121745434411"
13:50:11-seed17-C#-epochs3-xlm-roberta-base-2,"0,8771087427333866"
14:01:33-seed23-C#-epochs3-xlm-roberta-base-2,"0,8933021666816507"
14:12:56-seed47-C#-epochs3-xlm-roberta-base-2,"0,8742545140092406"
14:24:17-seed62-C#-epochs3-xlm-roberta-base-2,"0,9081902364470017"
0-mean-C#-epochs3-xlm-roberta-base-2,"0,888953566882944"
14:34:54-seed11-Java-epochs3-bert-base-multilingual-cased-8,"0,6673013119819313"
14:45:30-seed17-Java-epochs3-bert-base-multilingual-cased-8,"0,6747476971595183"
14:56:04-seed23-Java-epochs3-bert-base-multilingual-cased-8,"0,7094461538655696"
15:06:39-seed47-Java-epochs3-bert-base-multilingual-cased-8,"0,6702051028537205"
15:17:13-seed62-Java-epochs3-bert-base-multilingual-cased-8,"0,6393023912154918"
0-mean-Java-epochs3-bert-base-multilingual-cased-8,"0,6722005314152464"
15:27:47-seed11-Java-epochs3-bert-base-multilingual-cased-6,"0,6352352349018878"
15:38:22-seed17-Java-epochs3-bert-base-multilingual-cased-6,"0,63421675105278"
15:48:57-seed23-Java-epochs3-bert-base-multilingual-cased-6,"0,6211032286100686"
15:59:35-seed47-Java-epochs3-bert-base-multilingual-cased-6,"0,5914134559496212"
16:10:11-seed62-Java-epochs3-bert-base-multilingual-cased-6,"0,5886934992895257"
0-mean-Java-epochs3-bert-base-multilingual-cased-6,"0,6141324339607767"
16:20:48-seed11-Java-epochs3-bert-base-multilingual-cased-2,"0,8717342134416544"
16:31:25-seed17-Java-epochs3-bert-base-multilingual-cased-2,"0,866019768563163"
16:42:02-seed23-Java-epochs3-bert-base-multilingual-cased-2,"0,8492287387610329"
16:52:37-seed47-Java-epochs3-bert-base-multilingual-cased-2,"0,8534588458648104"
17:03:11-seed62-Java-epochs3-bert-base-multilingual-cased-2,"0,8515129249883107"
0-mean-Java-epochs3-bert-base-multilingual-cased-2,"0,8583908983237943"
17:14:29-seed11-Java-epochs3-xlm-roberta-base-8,"0,6615296754671849"
17:25:46-seed17-Java-epochs3-xlm-roberta-base-8,"0,6720387533053549"
17:37:03-seed23-Java-epochs3-xlm-roberta-base-8,"0,6837997937748743"
17:48:21-seed47-Java-epochs3-xlm-roberta-base-8,"0,6484832784695158"
17:59:40-seed62-Java-epochs3-xlm-roberta-base-8,"0,6790806081623566"
0-mean-Java-epochs3-xlm-roberta-base-8,"0,6689864218358574"
18:10:59-seed11-Java-epochs3-xlm-roberta-base-6,"0,5923773404463714"
18:22:18-seed17-Java-epochs3-xlm-roberta-base-6,"0,623981549514246"
18:33:37-seed23-Java-epochs3-xlm-roberta-base-6,"0,6265291239916143"
18:44:56-seed47-Java-epochs3-xlm-roberta-base-6,"0,5918262900196724"
18:56:13-seed62-Java-epochs3-xlm-roberta-base-6,"0,5992498675883609"
0-mean-Java-epochs3-xlm-roberta-base-6,"0,606792834312053"
19:07:32-seed11-Java-epochs3-xlm-roberta-base-2,"0,8336700336700336"
19:18:49-seed17-Java-epochs3-xlm-roberta-base-2,"0,8579016183862627"
19:30:07-seed23-Java-epochs3-xlm-roberta-base-2,"0,8410789408562238"
19:41:24-seed47-Java-epochs3-xlm-roberta-base-2,"0,8482248520710058"
19:52:43-seed62-Java-epochs3-xlm-roberta-base-2,"0,8471039056742815"
0-mean-Java-epochs3-xlm-roberta-base-2,"0,8455958701315616"
20:03:22-seed11-TypeScript-epochs3-bert-base-multilingual-cased-6,"0,5320964552625654"
20:14:00-seed17-TypeScript-epochs3-bert-base-multilingual-cased-6,"0,5388048045790583"
